"","ISSUENO","ISSUEDATE","ISSUETIME","VIODESCRIPTION","LOCATIONDESC1"
"674768",466240784,"11/29/12","8:22:00 PM","METER PARKING VIOLATION","920 N 12TH ST"
"207530",461239225,"4/10/12","1:02:00 PM","PARKED IN EXCESS OF 2 HOURS PROHIBITED","3205 N NEWHALL ST"
"637514",465764165,"11/8/12","2:38:00 AM","NIGHT PARKING - WRONG SIDE","2614 W MITCHELL ST"
"660706",465893816,"11/20/12","2:35:00 AM","NIGHT PARKING","4424 N 63RD ST"
"230275",461588326,"4/21/12","12:38:00 PM","METER PARKING VIOLATION","2943 N OAKLAND ST"
"21122",459121040,"1/10/12","4:05:00 PM","METER PARKING VIOLATION","1109 W KILBOURN ST"
"169823",460724110,"3/21/12","11:09:00 AM","METER PARKING VIOLATION","224 W WISCONSIN AVE"
"101577",460330780,"2/17/12","12:31:00 PM","PARKED IN EXCESS OF 3 HOURS PROHIBITED","2900 N MARYLAND AVE"
"426804",463698130,"7/28/12","5:51:00 AM","NIGHT PARKING - WRONG SIDE","1932 N 51ST ST"
"196359",461211542,"4/4/12","4:49:00 AM","NIGHT PARKING - WRONG SIDE","4166 N 39TH ST"
"635270",465750025,"11/7/12","5:42:00 PM","METER PARKING VIOLATION","1127 N WATER ST"
"228006",461454980,"4/20/12","5:40:00 AM","NIGHT PARKING - WRONG SIDE","2460 N 38TH ST"
"607940",465265964,"10/25/12","9:21:00 PM","UNREGISTERED/ IMPROPERLY REGISTERED VEHICLE","2655 N 47TH ST"
"209980",461398825,"4/11/12","1:49:00 PM","PARKED IN EXCESS OF 2 HOURS PROHIBITED","1620 N 10TH ST"
"533466",464709663,"9/19/12","5:29:00 PM","METER PARKING VIOLATION","423 E ST PAUL AVE"
"362803",463018522,"6/25/12","11:39:00 AM","METER PARKING VIOLATION","522 N PLANKINTON AV"
"727828",466459210,"12/22/12","2:22:00 AM","NIGHT PARKING - WRONG SIDE","832 W OHIO AVE"
"177558",461044463,"3/26/12","2:49:00 AM","NIGHT PARKING - WRONG SIDE","3022 W PIERCE ST"
"425946",463618573,"7/27/12","5:01:00 AM","NIGHT PARKING","2656 N 48TH ST"
"431098",463651300,"7/31/12","4:21:00 AM","NIGHT PARKING","3072 S 47TH ST"
"446478",463892122,"8/8/12","10:07:00 PM","IMPROPERLY DISPLAYED VEHICLE REGISTRATION","2956 N 52 ST"
"395233",463333920,"7/11/12","2:52:00 AM","NIGHT PARKING","2971 N NEWHALL ST"
"176842",461048991,"3/24/12","6:29:00 AM","PARKED LESS THAN 15 FEET FROM CROSSWALK","2701 S 15TH ST"
"571341",465051786,"10/6/12","3:39:00 AM","NIGHT PARKING","2927 N CRAMER ST"
"688896",466262112,"12/5/12","2:47:00 AM","NIGHT PARKING - WINTER RESTRICTED","1570 S 6TH ST"
"14570",459442620,"1/7/12","5:00:00 AM","NIGHT PARKING","547 N 20TH ST"
"608649",465574793,"10/25/12","2:23:00 PM","METER PARKING VIOLATION","606 E MICHIGAN ST"
"323603",462586246,"6/5/12","5:00:00 AM","NIGHT PARKING","2772 N 41ST ST"
"16043",662368453,"1/8/12","1:04:00 AM","PARKING PROHIBITED BY OFFICIAL SIGN","703 N 24TH ST"
"162445",460857810,"3/17/12","5:40:00 AM","NIGHT PARKING - WRONG SIDE","3421 N 9TH ST"
"451241",463375043,"8/9/12","3:38:00 AM","NIGHT PARKING","3414 N 47TH ST"
"284719",461944943,"5/16/12","3:25:00 PM","METER PARKING VIOLATION","741 N 9TH ST"
"123005",460255180,"2/28/12","5:39:00 AM","NIGHT PARKING - WRONG SIDE","3450 N 95TH ST"
"380588",463278546,"7/3/12","2:44:00 AM","NIGHT PARKING","2926 N NEWHALL ST"
"377506",462990850,"7/2/12","12:33:00 PM","PARKED LESS THAN 15 FEET FROM CROSSWALK","305 E ST PAUL AVE"
"665474",466096713,"11/23/12","4:04:00 PM","METER PARKING VIOLATION","329 W MICHIGAN ST"
"730015",466022524,"12/24/12","7:25:00 PM","PARKING PROHIBITED BY OFFICIAL SIGN","3317 W GALENA ST"
"576223",465070616,"10/9/12","9:12:00 PM","PARKED POSTED PRIVATE PROPERTY","1101 N MARKET ST"
"139683",460791903,"3/7/12","2:56:00 AM","NIGHT PARKING","3016 E KENWOOD BLVD"
"675893",466091975,"11/29/12","1:55:00 PM","METER PARKING VIOLATION","1921 N FARWELL AVE"
"467188",464043554,"8/17/12","4:35:00 AM","NIGHT PARKING","622 E CONWAY ST"
"131182",460524466,"3/2/12","12:09:00 PM","METER PARKING VIOLATION","800 W STATE ST AVE"
"685092",466281001,"12/4/12","4:48:00 AM","NIGHT PARKING - WRONG SIDE","432 S 89TH ST"
"497065",464381610,"9/1/12","3:47:00 AM","NIGHT PARKING - WRONG SIDE","4110 W ROOSEVELT DR"
"233606",461646054,"4/23/12","2:14:00 AM","NIGHT PARKING - WRONG SIDE","3405 W GREENFIELD AVE"
"547521",464834720,"9/25/12","4:56:00 AM","NIGHT PARKING - WRONG SIDE","3025 S 33RD ST"
"740089",466742592,"12/29/12","5:06:00 AM","NIGHT PARKING - WRONG SIDE","1129 E MEINECKE AVE"
"186171",459812920,"3/29/12","2:12:00 PM","METER PARKING VIOLATION","1215 W VLIET ST"
"450224",464005905,"8/9/12","7:31:00 AM","RESIDENTIAL PARKING PROGRAM","3054 N BARTLETT AVE"
"131022",460507493,"3/2/12","10:46:00 AM","METER PARKING VIOLATION","713 N BROADWAY"
"135075",460591051,"3/5/12","10:13:00 PM","FAILURE TO PARK IN DEFINED ANGLE SPACE","903 E KILBOURN AVE"
"542538",464631904,"9/22/12","11:16:00 AM","METER PARKING VIOLATION","2319 E KENWOOD BLVD"
"7640",459095431,"1/5/12","5:50:00 AM","NIGHT PARKING","4456 N 28TH ST"
"360077",462896302,"6/22/12","2:32:00 AM","NIGHT PARKING","2636 S 9TH PL"
"619750",465624714,"10/31/12","12:34:00 PM","METER PARKING VIOLATION","714 E STATE ST"
"709936",466007581,"12/13/12","3:50:00 AM","NIGHT PARKING - WRONG SIDE","1629 W BURNHAM ST"
"42397",459583235,"1/23/12","5:37:00 PM","PARKED IN EXCESS OF 1 HOUR PROHIBITED","1571 W EUCLID AVE"
"563900",464729160,"10/3/12","5:52:00 AM","NIGHT PARKING - WRONG SIDE","2523 S LOGAN AVE"
"480161",464266434,"8/24/12","5:34:00 AM","NIGHT PARKING","358 E BECHER ST"
"115868",460458331,"2/24/12","2:16:00 PM","METER PARKING VIOLATION","816 N 7TH ST ST"
"55075",459549230,"1/27/12","3:51:00 AM","NIGHT PARKING","1314 S 22 ST"
"428115",463537104,"7/30/12","4:55:00 AM","NIGHT PARKING","1255 N 45TH ST"
"113577",460327906,"2/23/12","8:00:00 AM","PARKING PROHIBITED BY OFFICIAL SIGN","3249 S PENNSYLVANIA AVE"
"724243",466434732,"12/20/12","2:45:00 AM","NIGHT PARKING - WRONG SIDE","2924 N BOOTH ST"
"712494",466637916,"12/14/12","7:56:00 AM","RESIDENTIAL PARKING PROGRAM","3226 N BARTLETT AVE"
"485528",464189025,"8/27/12","2:57:00 PM","PARKED IN EXCESS OF 2 HOURS PROHIBITED","904 E KILBOURN AVE"
"585567",465065484,"10/13/12","1:55:00 PM","PARKED IN EXCESS OF 2 HOURS PROHIBITED","311 E BUFFALO ST"
"552259",464871072,"9/27/12","5:30:00 PM","METER PARKING VIOLATION","508 E WISCONSIN AVE"
"315228",462446180,"5/31/12","5:25:00 PM","METER PARKING VIOLATION","120 E HIGHLAND AVE"
"441890",463906203,"8/6/12","4:35:00 PM","METER PARKING VIOLATION","727 N PLANKINTON AV"
"447026",463833215,"8/8/12","2:55:00 AM","NIGHT PARKING","4139 N 69TH ST"
"291259",462357372,"5/18/12","5:53:00 AM","NIGHT PARKING - INELIGIBLE VEHICLE","2589 N FARWELL AVE"
"585064",464924736,"10/13/12","2:44:00 AM","NIGHT PARKING","1416 N DR. M.L. KING JR. DR"
"436050",463509675,"8/2/12","2:57:00 AM","NIGHT PARKING","521 N 32ND ST"
"238322",461486594,"4/25/12","2:59:00 AM","NIGHT PARKING","3472 S 91ST ST"
"307586",462153904,"5/26/12","2:12:00 PM","METER PARKING VIOLATION","2224 S KINNICKINNIC AVE"
"517604",464532165,"9/11/12","1:58:00 PM","PARKED IN EXCESS OF 2 HOURS PROHIBITED","811 E KNAPP ST"
"42750",459687056,"1/23/12","8:54:00 AM","METER PARKING VIOLATION","2311 N PROSPECT AVE"
"232291",461043866,"4/23/12","1:02:00 PM","METER PARKING VIOLATION","636 N 2ND ST"
"672770",465934652,"11/28/12","5:42:00 AM","NIGHT PARKING","1239 E CRAWFORD AVE"
"721057",466225270,"12/19/12","12:14:00 PM","METER PARKING VIOLATION","745 N 9TH ST"
"196305",461290524,"4/4/12","11:33:00 AM","PARKED WRONG DIRECTION","2502 E WEBSTER PL"
"242560",461191916,"4/27/12","1:44:00 PM","METER PARKING VIOLATION","824 N JEFFERSON ST"
"573815",465080346,"10/8/12","4:31:00 AM","NIGHT PARKING - WRONG SIDE","3808 N 38TH ST"
"107494",460340510,"2/21/12","3:48:00 AM","NIGHT PARKING - WRONG SIDE","1655 S 20 ST"
"91363",460183253,"2/14/12","3:02:00 AM","NIGHT PARKING","8609 N 106TH ST"
"253280",461956740,"5/2/12","4:04:00 AM","NIGHT PARKING","3171 N RICHARDS ST"
"474",458969862,"1/2/12","1:01:00 PM","PARKED IN EXCESS OF 2 HOURS PROHIBITED","1551 E BRADY ST"
"196280",461169133,"4/4/12","4:34:00 AM","NIGHT PARKING - WRONG SIDE","706 N 32ND ST"
"436989",463300891,"8/2/12","2:41:00 AM","NIGHT PARKING - WRONG SIDE","2458 N 54TH ST"
"192671",460913725,"4/2/12","2:16:00 AM","NIGHT PARKING - WRONG SIDE","3770 S 2ND ST"
"414465",463441156,"7/21/12","4:43:00 PM","PARKED IN EXCESS OF 2 HOURS PROHIBITED","154 N JEFFERSON ST"
"270713",461888195,"5/9/12","4:45:00 PM","METER PARKING VIOLATION","343 N BROADWAY"
"428542",463497753,"7/30/12","12:42:00 PM","METER PARKING VIOLATION","3130 N DOWNER AVE"
"372620",463001486,"6/29/12","12:57:00 PM","METER PARKING VIOLATION","302 W WELLS ST"
"117879",459221943,"2/25/12","11:26:00 PM","PARKED WRONG DIRECTION","535 W BRUCE ST"
"52147",459765165,"1/26/12","5:26:00 AM","NIGHT PARKING","2715 W FAIRMOUNT AVE"
"25171",459520725,"1/12/12","1:03:00 PM","METER PARKING VIOLATION","1033 N OLD WORLD THIRD STREET"
"136259",460537792,"3/5/12","1:45:00 PM","METER PARKING VIOLATION","830 N MILWAUKEE ST"
"608677",465327225,"10/25/12","2:39:00 PM","PARKED IN EXCESS OF 2 HOURS PROHIBITED","1710 N PROSPECT AVE"
"221198",461636490,"4/17/12","5:20:00 AM","NIGHT PARKING","1901 N SUMMIT AVE"
"503078",464275276,"9/5/12","12:32:00 PM","METER PARKING VIOLATION","725 N 8TH ST"
"130677",460394620,"3/2/12","3:16:00 AM","NIGHT PARKING","3805 W CUSTER AVE"
"531946",464433196,"9/18/12","7:11:00 AM","IMPROPERLY DISPLAYED VEHICLE REGISTRATION","4251 N 84TH ST"
"554496",464891453,"9/28/12","6:04:00 AM","VEH FOR SALE ON PUBLIC PROPERTY","2826 S ELLEN ST"
"706619",466460120,"12/12/12","2:23:00 AM","NIGHT PARKING - WINTER RESTRICTED","2412 N 35TH ST"
"65077",459724252,"2/1/12","3:03:00 AM","NIGHT PARKING - WRONG SIDE","7418 W CARMEN AVE"
"223469",461477450,"4/18/12","12:57:00 PM","METER PARKING VIOLATION","504 E KILBOURN AV"
"53731",459800202,"1/27/12","2:51:00 AM","NIGHT PARKING - WRONG SIDE","1139 S 34 ST"
"139746",460552315,"3/7/12","2:13:00 AM","NIGHT PARKING - WRONG SIDE","1603 N 57TH ST"
"262467",461887042,"5/7/12","5:11:00 AM","NIGHT PARKING","3672 S HERMAN ST"
"105864",460180582,"2/20/12","1:31:00 PM","PARKING PROHIBITED BY OFFICIAL SIGN","1800 E LINNWOOD AVE"
"402165",463354975,"7/16/12","8:51:00 PM","PARKING PROHIBITED BY OFFICIAL SIGN","1517 W GRANGE AVE"
"555490",464706340,"9/28/12","5:56:00 AM","NIGHT PARKING - WRONG SIDE","4628 W HADLEY ST"
"289089",462240321,"5/18/12","3:34:00 AM","NIGHT PARKING","3432 N FRATNEY ST"
"669874",466062472,"11/27/12","10:23:00 AM","PARKED WITHIN 10 FEET OF FIRE HYDRANT","1325 W ST PAUL AVE"
"251736",461776921,"5/2/12","1:30:00 PM","PARKED IN EXCESS OF 2 HOURS PROHIBITED","3956 N 65TH ST"
"485862",463793212,"8/27/12","10:21:00 AM","PARKED IN EXCESS OF 1 HOUR PROHIBITED","1138 N 9TH ST"
"409015",463544616,"7/19/12","2:07:00 AM","NIGHT PARKING - WRONG SIDE","3341 S 99TH CT"
"208331",461236182,"4/10/12","5:24:00 AM","NIGHT PARKING - WRONG SIDE","1528 W CLARKE ST"
"74945",459783962,"2/6/12","1:50:00 PM","PARKED IN EXCESS OF 2 HOURS PROHIBITED","2707 S 14 ST"
"615440",465582795,"10/30/12","12:27:00 PM","IMPROPERLY DISPLAYED VEHICLE REGISTRATION","2623 E BELLEVIEW PL"
"395889",463201266,"7/12/12","5:26:00 PM","TOW-AWAY ZONE (POSTED)","240 N BROADWAY"
"685071",466029900,"12/4/12","5:16:00 AM","NIGHT PARKING - WRONG SIDE","902 E WELLS ST"
"690199",466304661,"12/5/12","5:14:00 AM","NIGHT PARKING - WRONG SIDE","1217 S 21ST ST"
"526421",464704903,"9/15/12","2:17:00 AM","NIGHT PARKING - WRONG SIDE","4443 N 46TH ST"
"631652",465704665,"11/6/12","2:22:00 AM","NIGHT PARKING - WRONG SIDE","3304 W GREENFIELD AVE"
"499251",464395595,"9/4/12","1:44:00 PM","METER PARKING VIOLATION","821 E WELLS ST"
"278598",462213135,"5/14/12","12:59:00 PM","METER PARKING VIOLATION","525 N JEFFERSON ST"
"307988",462488003,"5/26/12","3:54:00 AM","NIGHT PARKING","5273 N LOVERS LANE RD"
"479754",463930924,"8/24/12","3:46:00 PM","METER PARKING VIOLATION","410 W NATIONAL AVE"
"353482",462920054,"6/20/12","2:14:00 AM","NIGHT PARKING","3805 W GALENA ST"
"717261",466712363,"12/18/12","9:08:00 AM","METER PARKING VIOLATION","525 CHICAGO ST"
"546836",464872446,"9/25/12","4:02:00 AM","NIGHT PARKING - WRONG SIDE","4162 S LOGAN AVE"
"561691",464894673,"10/2/12","2:20:00 PM","METER PARKING VIOLATION","935 N BROADWAY"
"233223",461686595,"4/23/12","11:12:00 AM","METER PARKING VIOLATION","3076 N FARWELL AVE"
"724066",466434953,"12/20/12","3:52:00 AM","NIGHT PARKING - WRONG SIDE","216 W BROWN ST"
"627424",465407946,"11/3/12","2:50:00 AM","NIGHT PARKING","4420 N 69TH ST"
"530042",464776115,"9/18/12","5:10:00 AM","NIGHT PARKING","1214 W WALKER ST"
"398207",462706635,"7/13/12","6:38:00 AM","TOW-AWAY ZONE (BLOCKING TRAFFIC)","2224 S 35TH ST"
"320360",462253481,"6/3/12","11:09:00 AM","FAILURE TO PARK IN DEFINED ANGLE SPACE","1138 S 7 ST"
"610923",465490200,"10/26/12","4:28:00 AM","NIGHT PARKING - WRONG SIDE","9400 W MELVINA ST"
"90191",460095786,"2/13/12","3:37:00 AM","NIGHT PARKING","2122 W KILBOURN AVE"
"130893",460579884,"3/2/12","7:27:00 AM","IMPROPERLY DISPLAYED VEHICLE REGISTRATION","1363 N 54TH ST"
"318916",462279425,"6/2/12","3:43:00 AM","NIGHT PARKING","189 N 75TH ST"
"340241",462770685,"6/13/12","10:49:00 PM","IMPROPERLY DISPLAYED VEHICLE REGISTRATION","1903 E PARK PL"
"343396",462810084,"6/14/12","5:13:00 AM","NIGHT PARKING - WRONG SIDE","2420 N 41ST ST"
"578832",465324263,"10/10/12","7:20:00 AM","PARKED LESS THAN 15 FEET FROM CROSSWALK","1733 W KILBOURN AVE"
"50486",459644566,"1/26/12","4:22:00 PM","METER PARKING VIOLATION","1610 W WISCONSIN AVE"
"358180",462823922,"6/22/12","5:05:00 AM","NIGHT PARKING","2013 N 40TH ST"
"94533",460108714,"2/15/12","12:39:00 AM","PARKED LESS THAN 15 FEET FROM CROSSWALK","732 E KNAPP ST"
"673304",466069240,"11/28/12","8:47:00 PM","METER PARKING VIOLATION","1547 N FARWELL AVE"
"301544",462163074,"5/24/12","11:35:00 AM","PARKED IN EXCESS OF 2 HOURS PROHIBITED","2800 N FARWELL AVE"
"16366",459386524,"1/9/12","4:00:00 AM","NIGHT PARKING","220 W MAPLE ST"
"720509",466684212,"12/19/12","3:22:00 AM","NIGHT PARKING - WRONG SIDE","2111 E FERNWOOD AVE"
"602182",465389875,"10/23/12","11:22:00 AM","METER PARKING VIOLATION","257 E WELLS ST"
"69421",459951645,"2/3/12","10:55:00 AM","METER PARKING VIOLATION","420 E MENOMONEE ST"
"695362",466368571,"12/7/12","6:08:00 AM","PARKING PROHIBITED BY OFFICIAL SIGN","3034 N 23RD ST"
"677748",466137103,"11/30/12","1:42:00 PM","METER PARKING VIOLATION","418 E KILBOURN AV"
"493703",464383710,"8/30/12","12:37:00 PM","METER PARKING VIOLATION","224 E ST PAUL AV"
"342334",462643694,"6/13/12","1:27:00 PM","PARKED IN EXCESS OF 2 HOURS PROHIBITED","770 N WATER ST"
"82916",460015625,"2/9/12","4:50:00 AM","NIGHT PARKING","3278 N DOUSMAN ST"
"351299",462864581,"6/19/12","5:37:00 PM","METER PARKING VIOLATION","443 E COCORAN ST"
"118077",460366852,"2/25/12","2:49:00 AM","NIGHT PARKING - WRONG SIDE","2547 N 56TH ST"
"432548",463702105,"8/1/12","5:34:00 AM","NIGHT PARKING - WRONG SIDE","1860 N 40TH ST"
"144501",460351802,"3/8/12","2:49:00 AM","NIGHT PARKING - WRONG SIDE","2916 S HERMAN ST"
"11126",459401342,"1/6/12","3:44:00 AM","NIGHT PARKING","2915 W CHERRY ST"
"733407",466792642,"12/27/12","5:44:00 AM","NIGHT PARKING - WINTER RESTRICTED","3726 W GREEN TREE RD"
"520538",464573266,"9/12/12","9:33:00 PM","METER PARKING VIOLATION","2353 N FARWELL LOT"
"364264",463132235,"6/26/12","3:04:00 AM","NIGHT PARKING","2951 N CRAMER ST"
"383764",463192446,"7/6/12","1:01:00 PM","METER PARKING VIOLATION","604 W WISCONSIN AVE"
"301033",462295245,"5/23/12","2:41:00 PM","METER PARKING VIOLATION","423  E ST PAUL AVE"
"339860",462616490,"6/13/12","5:03:00 PM","METER PARKING VIOLATION","222 W STATE ST"
"274304",461923571,"5/11/12","4:47:00 AM","NIGHT PARKING","2480 S SUPERIOR ST"
"678135",466209995,"11/30/12","4:35:00 AM","NIGHT PARKING","1310 S 10TH ST"
"543704",464759805,"9/24/12","4:56:00 AM","NIGHT PARKING","2425 S 30TH ST"
"297937",462105210,"5/22/12","2:51:00 AM","NIGHT PARKING","5131 N 63 ST"
"468065",463676780,"8/18/12","3:09:00 AM","NIGHT PARKING - WRONG SIDE","3882 N 5TH ST"
"534108",464655472,"9/19/12","3:57:00 AM","NIGHT PARKING","2237 S 26TH ST"
"513330",464445881,"9/10/12","2:51:00 AM","NIGHT PARKING - WRONG SIDE","4802 W LLOYD ST"
"155270",460784995,"3/14/12","4:45:00 AM","NIGHT PARKING","4975 N 58TH ST"
"508398",464241105,"9/7/12","10:33:00 AM","METER PARKING VIOLATION","780 N MILWAUKEE ST"
"703711",466518916,"12/11/12","4:01:00 AM","NIGHT PARKING - WRONG SIDE","2809 W MELVINA ST"
"725659",466141045,"12/21/12","7:42:00 PM","METER PARKING VIOLATION","1710 N ARLINGTON PL"
"693325",466257374,"12/6/12","1:41:00 PM","METER PARKING VIOLATION","742 N 4TH ST"
"208182",461398464,"4/10/12","5:00:00 AM","NIGHT PARKING - WRONG SIDE","510 E LINCOLN AVE"
"444272",463806733,"8/7/12","3:50:00 AM","NIGHT PARKING - WRONG SIDE","4201 N 26TH ST"
"684916",466186943,"12/4/12","5:41:00 AM","NIGHT PARKING - WRONG SIDE","1030 N JACKSON ST"
"114276",460350763,"2/23/12","3:06:00 PM","PARKED IN SCHOOL ZONE","2930 N 52ND ST"
"242511",461341996,"4/27/12","1:07:00 AM","PARKED WITHIN 4 FEET OF DRIVE OR ALLEY","1810 E WEBSTER PL"
"623145",465443985,"11/1/12","5:49:00 AM","NIGHT PARKING - WRONG SIDE","2854 N 77TH ST"
"570121",465042130,"10/5/12","4:06:00 AM","NIGHT PARKING","526 E LINCOLN AVE"
"238635",461700584,"4/25/12","12:55:00 AM","PARKED LESS THAN 15 FEET FROM CROSSWALK","2000 S 21 ST"
"436139",463780295,"8/2/12","3:44:00 AM","NIGHT PARKING - WRONG SIDE","2906 S LOGAN AVE"
"185253",461056982,"3/29/12","4:16:00 AM","NIGHT PARKING - WRONG SIDE","2663 N 2ND ST"
"206743",461358446,"4/9/12","8:58:00 AM","METER PARKING VIOLATION","734 N BROADWAY ST"
"411237",463426014,"7/20/12","8:32:00 PM","PARKED POSTED PRIVATE PROPERTY","1220 E LOCUST ST"
"419266",463536684,"7/25/12","4:21:00 AM","NIGHT PARKING","1005 E LOCUST ST"
"102491",460257803,"2/18/12","4:32:00 AM","NIGHT PARKING - WRONG SIDE","3606 N 14TH ST"
"452581",463969155,"8/10/12","4:02:00 AM","NIGHT PARKING","205 E MASON ST"
"61773",459765865,"1/31/12","5:04:00 AM","NIGHT PARKING - WRONG SIDE","2625 W JUNEAU AVE"
"599481",465387215,"10/22/12","2:17:00 AM","NIGHT PARKING - WRONG SIDE","2102 W PIERCE ST"
"111794",460201700,"2/22/12","5:05:00 PM","PARKING PROHIBITED BY OFFICIAL SIGN","2626 W LINCOLN AVE"
"69282",459912762,"2/3/12","2:43:00 AM","NIGHT PARKING - WINTER RESTRICTED","2861 N 76TH ST"
"407035",463384515,"7/18/12","4:32:00 AM","NIGHT PARKING","823 N 2ND ST"
"635876",465784653,"11/7/12","10:09:00 AM","METER PARKING VIOLATION","3120 N CRAMER ST"
"7733",459389556,"1/5/12","2:55:00 AM","NIGHT PARKING","2636 N FARWELL AVE"
"409992",462862293,"7/19/12","1:26:00 PM","METER PARKING VIOLATION","220 E ERIE ST"
"648878",465988272,"11/14/12","12:29:00 AM","PARKED WITHIN 4 FEET OF DRIVE OR ALLEY","930 N MARSHALL ST"
"108098",460380174,"2/21/12","11:41:00 AM","PARKED IN EXCESS OF 1 HOUR PROHIBITED","2205 E LINNWOOD AVE"
"176495",459871683,"3/24/12","2:55:00 AM","NIGHT PARKING - WRONG SIDE","3358 N 54TH ST"
"634829",465798900,"11/7/12","3:27:00 AM","NIGHT PARKING","6006 N 35TH ST"
"234493",461700105,"4/24/12","3:12:00 AM","NIGHT PARKING","335 W MITCHELL ST"
"635703",465726074,"11/7/12","7:06:00 PM","METER PARKING VIOLATION","804 N 13TH ST"
"268766",461509672,"5/9/12","4:29:00 AM","NIGHT PARKING","1638 N VAN BUREN ST"
"115078",459984140,"2/24/12","10:03:00 AM","TOW-AWAY ZONE (BLOCKING DRIVEWAY)","3059 N HUMBOLDT AVE"
"422966",463595915,"7/26/12","11:46:00 AM","METER PARKING VIOLATION","1122 W KILBOURN AVE"
"242241",461726661,"4/27/12","1:03:00 PM","PARKING PROHIBITED BY OFFICIAL SIGN","3133 N HACKETT AVE"
"56635",459794602,"1/28/12","2:11:00 AM","NIGHT PARKING - WRONG SIDE","1118 E WALWORTH ST"
"531123",464603926,"9/18/12","5:15:00 PM","PARKED IN EXCESS OF 2 HOURS PROHIBITED","921 E KNAPP ST"
"371442",462979565,"6/28/12","9:22:00 PM","PARKED WITHIN 4 FEET OF DRIVE OR ALLEY","1626 N PROSPECT AVE"
"650908",466059506,"11/15/12","10:47:00 PM","PARKED IN TAXICAB STAND","204 E HIGHLAND AVE"
"614720",465329911,"10/29/12","11:30:00 PM","METER PARKING VIOLATION","1710 N ARLINGTON PL"
"47176",459679264,"1/25/12","2:45:00 AM","NIGHT PARKING","1938 N 26TH ST"
"665846",465856845,"11/24/12","4:00:00 AM","NIGHT PARKING - WRONG SIDE","7714 W GLENBROOK RD"
"36223",459590434,"1/19/12","5:11:00 PM","METER PARKING VIOLATION","621 S 5TH ST"
"562417",464715053,"10/2/12","4:59:00 AM","NIGHT PARKING","511 E CONCORDIA AVE"
"48526",458117450,"1/25/12","4:17:00 AM","NIGHT PARKING - WRONG SIDE","1125 N CALLAHAN PL"
"405709",463475246,"7/17/12","5:39:00 AM","NIGHT PARKING","1515 E KANE PL"
"247789",461660474,"4/30/12","4:49:00 PM","METER PARKING VIOLATION","902 N 4TH ST"
"333655",462740950,"6/9/12","3:58:00 AM","NIGHT PARKING - WRONG SIDE","1021 S 28TH ST"
"179209",460795123,"3/27/12","9:32:00 PM","IMPROPERLY DISPLAYED VEHICLE REGISTRATION","1025 E LYON ST"
"717332",466570484,"12/18/12","4:13:00 AM","NIGHT PARKING","2042 N 40TH ST"
"734829",466551083,"12/27/12","11:43:00 AM","IMPROPERLY DISPLAYED VEHICLE REGISTRATION","809 E OGDEN AVE"
"492374",464058442,"8/30/12","7:49:00 PM","METER PARKING VIOLATION","1710 N ARLINGTON PL"
"479684",464018741,"8/24/12","8:33:00 PM","METER PARKING VIOLATION","2971 N OAKLAND AVE"
"112779",460446862,"2/23/12","12:53:00 PM","METER PARKING VIOLATION","318 E CHICAGO ST"
"28696",459617200,"1/13/12","7:45:00 AM","SNOW PARKING REGULATION 4 + INCHES","3306 N SHEPARD AVE"
"561424",464706830,"10/2/12","4:08:00 PM","METER PARKING VIOLATION","1135 W HISTORIC MITCHELL ST"
"215339",461472222,"4/13/12","10:20:00 AM","METER PARKING VIOLATION","1625 W WELLS ST"
"358785",462546475,"6/22/12","12:10:00 PM","METER PARKING VIOLATION","817 S 5TH ST"
"445774",463795861,"8/7/12","4:52:00 AM","NIGHT PARKING - WRONG SIDE","1415 S 31ST ST"
"474490",464135394,"8/22/12","11:38:00 AM","PARKED IN EXCESS OF 2 HOURS PROHIBITED","926 N CASS ST"
"421703",463568943,"7/26/12","5:01:00 AM","NIGHT PARKING","4525 N 28TH ST"
"467702",464016884,"8/17/12","4:53:00 AM","NIGHT PARKING - WRONG SIDE","2547 N 39TH ST"
"17233",459356730,"1/9/12","4:24:00 AM","NIGHT PARKING","2457 N 45TH ST"
"100228",459943746,"2/17/12","5:28:00 AM","NIGHT PARKING - WRONG SIDE","5041 N 39TH ST"
"741650",466753302,"12/31/12","2:03:00 AM","NIGHT PARKING - WRONG SIDE","715 W BRUCE ST"
"563011",465064176,"10/3/12","4:20:00 AM","NIGHT PARKING","1980 W POTAWATOMI CR"
"564564",464773982,"10/3/12","5:49:00 AM","NIGHT PARKING","1744 S 19TH ST"
"346814",462738975,"6/15/12","2:11:00 PM","METER PARKING VIOLATION","181 N JEFFERSON ST"
"443632",463713493,"8/6/12","5:48:00 AM","NIGHT PARKING - WRONG SIDE","2630 N 40TH ST"
"332209",462681730,"6/8/12","3:02:00 AM","NIGHT PARKING","1034 N ASTOR ST"
"508008",464445586,"9/7/12","3:30:00 PM","PARKED IN EXCESS OF 2 HOURS PROHIBITED","743 N 22ND ST"
"432646",463758131,"8/1/12","5:47:00 AM","NIGHT PARKING - WRONG SIDE","3434 N 48TH ST"
"143615",459719820,"3/8/12","6:50:00 AM","IMPROPERLY DISPLAYED VEHICLE REGISTRATION","5654 N 43RD ST"
"199556",461212006,"4/5/12","2:13:00 AM","NIGHT PARKING - WRONG SIDE","1029 S 33 ST"
"734605",466732755,"12/27/12","6:25:00 AM","IMPROPERLY DISPLAYED VEHICLE REGISTRATION","2220 N 56TH ST"
"176191",460725941,"3/24/12","2:57:00 PM","METER PARKING VIOLATION","2330 S KINNICKINNIC AVE"
"133047",460525170,"3/3/12","11:50:00 AM","METER PARKING VIOLATION","2254C/L S ALLIS ST"
"64172",459737036,"2/1/12","4:14:00 AM","NIGHT PARKING - WRONG SIDE","1822 W CONGRESS ST"
"62445",459816641,"2/1/12","2:04:00 AM","NIGHT PARKING","2549 N PALMER ST"
"711372",466600912,"12/14/12","2:29:00 PM","METER PARKING VIOLATION","840 N JEFFERSON ST"
"725199",466706380,"12/21/12","4:23:00 PM","TOW-AWAY ZONE (POSTED)","920 W WELLS ST"
"527870",464708370,"9/17/12","4:55:00 AM","NIGHT PARKING - WRONG SIDE","223 E ROSEDALE AVE"
"677258",465976652,"11/29/12","9:28:00 AM","METER PARKING VIOLATION","1416 E BRADY ST"
"549799",464463646,"9/26/12","2:03:00 AM","NIGHT PARKING - WRONG SIDE","330  W FLORIDA ST"
"632243",465707970,"11/6/12","3:30:00 PM","METER PARKING VIOLATION","789 N JEFFERSON ST ST"
"158793",460821255,"3/15/12","10:52:00 AM","OBSTRUCTING BUS LOADING ZONE","3309 N DOWNER AVE"
"164308",460918080,"3/19/12","5:00:00 AM","NIGHT PARKING - WRONG SIDE","3071 N 39TH ST"
"21350",459235556,"1/10/12","5:35:00 AM","NIGHT PARKING","2019 S 13TH ST"
"145931",460680334,"3/9/12","2:19:00 PM","METER PARKING VIOLATION","2330 N FARWELL AVE"
"184731",461031782,"3/29/12","5:01:00 PM","PARKED IN EXCESS OF 1 HOUR PROHIBITED","3059 N STOWELL AVE"
"22391",459536254,"1/11/12","5:02:00 AM","NIGHT PARKING - INELIGIBLE VEHICLE","2925 W ROOSEVELT DR"
"201809",461127306,"4/6/12","3:59:00 AM","NIGHT PARKING","5051 N 24TH ST"
"669042",465987001,"11/26/12","7:47:00 PM","PARKED POSTED PRIVATE PROPERTY","1101 N MARKET ST"
"612338",465643220,"10/27/12","4:20:00 AM","NIGHT PARKING","2039 N CAMBRIDGE AVE"
"379939",463143310,"7/3/12","1:26:00 PM","OBSTRUCTING BUS LOADING ZONE","2650 N DOWNER AVE"
"628571",465567336,"11/5/12","2:15:00 AM","NIGHT PARKING","800 S 29TH ST"
"111727",460213891,"2/22/12","12:15:00 PM","PARKED IN EXCESS OF 2 HOURS PROHIBITED","1117 N JACKSON ST"
"636705",465769010,"11/8/12","3:33:00 AM","NIGHT PARKING","2343 S 7TH ST"
"543029",464717584,"9/24/12","12:20:00 PM","METER PARKING VIOLATION","1415 W WELLS ST"
"521696",464644880,"9/13/12","1:14:00 PM","PARKED IN EXCESS OF 2 HOURS PROHIBITED","2340 N CAMBRIDGE AVE"
"31387",459574113,"1/15/12","7:14:00 PM","PARKED WITHIN 4 FEET OF DRIVE OR ALLEY","3283 N 48TH ST"
"304101",462201994,"5/25/12","2:40:00 AM","NIGHT PARKING","234 S 62ND ST"
"154012",460980796,"3/14/12","3:09:00 AM","NIGHT PARKING","2469 N MARYLAND AVE"
"222420",461560562,"4/17/12","4:21:00 AM","NIGHT PARKING - WRONG SIDE","305 E WILSON ST"
"97326",460077380,"2/16/12","11:31:00 AM","METER PARKING VIOLATION","631 W NATIONAL AVE"
"76988",459973161,"2/7/12","9:32:00 AM","METER PARKING VIOLATION","1009 W MC KINLEY AVE"
"10796",459400852,"1/5/12","6:52:00 AM","PARKED LESS THAN 15 FEET FROM CROSSWALK","3600 W SCOTT ST"
"44082",459651290,"1/23/12","2:51:00 AM","NIGHT PARKING - WINTER RESTRICTED","4027 W CAPITOL DR"
"378790",463017645,"7/3/12","5:36:00 AM","NIGHT PARKING - WRONG SIDE","3255 S ILLINOIS AVE"
"380328",462753981,"7/3/12","12:21:00 PM","METER PARKING VIOLATION","4957 W FOND DU LAC AVE"
"139486",460415944,"3/7/12","2:56:00 AM","NIGHT PARKING - WRONG SIDE","511 N 34TH ST"
"558271",464876720,"10/1/12","1:19:00 PM","METER PARKING VIOLATION","2509 N DOWNER AVE"
"727211",466459770,"12/22/12","5:14:00 AM","NIGHT PARKING - WRONG SIDE","6504 W BENNETT AVE"
"91452",460158252,"2/14/12","5:08:00 AM","NIGHT PARKING","1921 W KILBOURN AVE"
"17638",459519970,"1/9/12","4:16:00 AM","NIGHT PARKING - WRONG SIDE","805 S 23 ST"
"22626",459522663,"1/11/12","4:30:00 AM","NIGHT PARKING","3938 N 7TH ST"
"224174",461484623,"4/18/12","2:00:00 AM","NIGHT PARKING - WRONG SIDE","600 W VLIET ST"
"672118",466164775,"11/28/12","4:43:00 AM","NIGHT PARKING - WRONG SIDE","2722 W BECHER ST"
"667199",466147710,"11/24/12","4:09:00 AM","NIGHT PARKING","2855 N MURRAY AVE"
"611798",465596191,"10/27/12","10:59:00 PM","PARKED POSTED PRIVATE PROPERTY","120 E NATIONAL AVE"
"732375",466729966,"12/26/12","2:54:00 PM","METER PARKING VIOLATION","2219 N PROSPECT AVE"
"41051",459810304,"1/21/12","4:37:00 AM","NIGHT PARKING - WINTER RESTRICTED","629 N JEFFERSON ST"
"558984",465090570,"10/1/12","3:00:00 AM","NIGHT PARKING - INELIGIBLE VEHICLE","3723 N 37TH ST"
"229070",461586871,"4/20/12","3:16:00 AM","NIGHT PARKING","1612 W WINDLAKE AVE"
"570350",464930771,"10/5/12","5:56:00 AM","NIGHT PARKING - WRONG SIDE","6113 N SHERMAN BLVD"
"576425",465100506,"10/9/12","10:42:00 AM","METER PARKING VIOLATION","436 W ST PAUL AV"
"616003",465557982,"10/30/12","9:21:00 PM","PARKED WITHIN 4 FEET OF DRIVE OR ALLEY","2917 N MARYLAND AVE"
"524474",464602401,"9/14/12","1:48:00 PM","METER PARKING VIOLATION","732 W HIGHLAND AVE"
"93035",460332843,"2/15/12","4:27:00 AM","NIGHT PARKING - WINTER RESTRICTED","331 W MICHIGAN ST"
"207795",461239800,"4/10/12","3:26:00 PM","PARKED IN EXCESS OF 3 HOURS PROHIBITED","2977 N MARYLAND AVE"
"396340",463021311,"7/12/12","10:20:00 AM","METER PARKING VIOLATION","3125 N DOWNER AVE"
"438314",463674676,"8/3/12","11:45:00 AM","PARKED IN EXCESS OF 2 HOURS PROHIBITED","830 E STATE ST"
"566204",465016705,"10/4/12","8:18:00 PM","METER PARKING VIOLATION","3085 N PROSPECT AVE"
"405497",462769381,"7/17/12","2:09:00 AM","NIGHT PARKING - WRONG SIDE","5245 N 29TH ST"
"516210",464161784,"9/11/12","8:04:00 PM","PARKED WITHIN 10 FEET OF FIRE HYDRANT","502 E LINUS ST"
"272179",461791396,"5/10/12","4:34:00 AM","NIGHT PARKING - WRONG SIDE","2434 N 34TH ST"
"310640",462385044,"5/30/12","4:57:00 AM","NIGHT PARKING","4007 W NORTH AVE"
"220065",461417736,"4/16/12","3:21:00 AM","NIGHT PARKING - WRONG SIDE","2616 N 50TH ST"
"524950",464730910,"9/14/12","4:18:00 AM","NIGHT PARKING - WRONG SIDE","2122 N HUBBARD ST"
"713380",466634803,"12/15/12","2:01:00 AM","NIGHT PARKING - WINTER RESTRICTED","2037 S 35TH ST"
"227378",461383226,"4/19/12","8:09:00 AM","IMPROPERLY DISPLAYED VEHICLE REGISTRATION","906 S 4TH ST"
"204790",461423314,"4/7/12","5:18:00 PM","METER PARKING VIOLATION","2031 E IVANHOE PL"
"152729",460830915,"3/13/12","5:48:00 AM","NIGHT PARKING","7039 N TEUTONIA AVE"
"648919",466058036,"11/14/12","4:46:00 PM","PARKED LESS THAN 15 FEET FROM CROSSWALK","2979 N CRAMER ST"
"542121",464920245,"9/22/12","2:26:00 AM","NIGHT PARKING - WRONG SIDE","4102 N 39TH ST"
"462195",463871424,"8/15/12","2:21:00 AM","NIGHT PARKING - WRONG SIDE","327 N 41ST ST"
"213780",461478242,"4/12/12","10:04:00 PM","PARKED LESS THAN 15 FEET FROM CROSSWALK","2330 E WEBSTER PL"
"141476",460519592,"3/7/12","2:11:00 PM","PARKED IN EXCESS OF 2 HOURS PROHIBITED","1715 N FARWELL AVE"
"110599",460390276,"2/22/12","5:40:00 AM","NIGHT PARKING - WRONG SIDE","1834 W WASHINGTON ST"
"703591",466433273,"12/11/12","2:18:00 AM","NIGHT PARKING - WRONG SIDE","3135 S 47TH ST"
"230627",461615022,"4/21/12","3:44:00 AM","NIGHT PARKING - WRONG SIDE","2733 W EVERGREEN LN"
"500733",464412012,"9/5/12","4:03:00 PM","PARKED IN EXCESS OF 2 HOURS PROHIBITED","2832 N MURRAY AVE"
"671904",662735522,"11/27/12","1:49:00 PM","PARKING PROHIBITED BY OFFICIAL SIGN","2333 N 49TH ST"
"537888",464723836,"9/20/12","5:59:00 AM","NIGHT PARKING","1213 N 46TH ST"
"733978",466723316,"12/27/12","4:23:00 AM","NIGHT PARKING - WRONG SIDE","767 N JEFFERSON ST"
"281298",462119630,"5/15/12","4:39:00 AM","NIGHT PARKING - WRONG SIDE","1512 W KILBOURN AVE"
"485016",463898212,"8/27/12","2:35:00 AM","NIGHT PARKING - WRONG SIDE","3365 N 22ND ST"
"382777",463120711,"7/5/12","7:34:00 PM","METER PARKING VIOLATION","1031 N 6TH ST"
"395696",463260324,"7/12/12","4:35:00 PM","METER PARKING VIOLATION","519 N JEFFERSON ST"
"4353",459188295,"1/4/12","10:32:00 AM","IMPROPERLY DISPLAYED VEHICLE REGISTRATION","2912 W KILBOURN AVE"
"505290",464429733,"9/6/12","4:55:00 AM","NIGHT PARKING - WRONG SIDE","4712 W GALENA ST"
"743787",466760523,"12/31/12","12:49:00 PM","PARKED IN EXCESS OF 2 HOURS PROHIBITED","2525 NATIONAL AVE"
"363820",462964434,"6/26/12","7:59:00 AM","IMPROPERLY DISPLAYED VEHICLE REGISTRATION","6087 N 37TH ST"
"456843",463621826,"8/13/12","2:18:00 AM","NIGHT PARKING - WRONG SIDE","2717 W EVERGREEN LA"
"107729",460269876,"2/21/12","12:52:00 AM","PARKED WITHIN 4 FEET OF DRIVE OR ALLEY","746 S 23 ST"
"633079",465686712,"11/7/12","5:23:00 AM","NIGHT PARKING - WRONG SIDE","4955 S 13TH ST"
"237792",461689384,"4/25/12","5:15:00 PM","METER PARKING VIOLATION","624 N 4TH ST"
"162155",460753823,"3/17/12","4:46:00 PM","PARKED IN EXCESS OF 2 HOURS PROHIBITED","916 E OGDEN AVE"
"129596",460382823,"3/1/12","12:34:00 PM","PARKED IN EXCESS OF 2 HOURS PROHIBITED","3205 N BARTLETT AVE"
"537765",464607640,"9/20/12","8:43:00 PM","METER PARKING VIOLATION","1935 N FARWELL AVE"
"106040",460177782,"2/20/12","11:00:00 AM","METER PARKING VIOLATION","605 N 11TH ST"
"471770",464117334,"8/21/12","3:41:00 AM","NIGHT PARKING","1534 N VAN BUREN ST"
"188659",461172180,"3/30/12","2:11:00 PM","PARKING PROHIBITED BY OFFICIAL SIGN","5521 W CENTER ST"
"559138",464853992,"10/1/12","3:09:00 PM","TOW-AWAY ZONE (POSTED)","307 W WISCONSIN AVE"
"101027",460241563,"2/17/12","3:23:00 AM","NIGHT PARKING - WRONG SIDE","4385 S 14TH ST"
"555209",464793022,"9/28/12","2:13:00 AM","NIGHT PARKING - WRONG SIDE","1536 N HAWLEY RD"
"304962",462245066,"5/25/12","4:17:00 AM","NIGHT PARKING","9323 W LISBON AVE"
"401638",463189403,"7/15/12","5:49:00 AM","IMPROPERLY DISPLAYED VEHICLE REGISTRATION","3526 N 84TH ST"
"324609",462689636,"6/5/12","3:42:00 AM","NIGHT PARKING","2420 N BARTLETT AVE"
"434823",463642314,"8/2/12","5:50:00 AM","NIGHT PARKING - WRONG SIDE","2812 N BUFFUM ST"
"730729",466799911,"12/24/12","5:15:00 PM","METER PARKING VIOLATION","1002 N WATER ST"
"729085",466763846,"12/24/12","1:16:00 PM","METER PARKING VIOLATION","812 W WELLS ST"
"292063",462079520,"5/19/12","4:28:00 AM","NIGHT PARKING - WRONG SIDE","3511 S 9 PL"
"33951",459495831,"1/18/12","5:33:00 AM","NIGHT PARKING","1606 N MARSHALL ST"
"259248",461732880,"5/4/12","5:07:00 AM","NIGHT PARKING","3541 S 1ST ST"
"528574",464385316,"9/17/12","4:36:00 AM","NIGHT PARKING","3256 N 91ST ST"
"682543",464973062,"12/3/12","8:26:00 AM","TOW-AWAY ZONE (BLOCKING DRIVEWAY)","1540 W WASHINGTON ST"
"519331",464236404,"9/12/12","1:15:00 PM","METER PARKING VIOLATION","333 W WISCONSIN AVE"
"552220",464870884,"9/27/12","1:21:00 PM","PARKED IN EXCESS OF 1 HOUR PROHIBITED","3121 S 28TH ST"
"698560",466261320,"12/8/12","2:25:00 AM","NIGHT PARKING - WRONG SIDE","1224 W MANITOBA ST"
"317746",462460493,"6/1/12","1:57:00 PM","METER PARKING VIOLATION","741 N 9TH ST"
"280606",462098125,"5/15/12","2:56:00 AM","NIGHT PARKING","2950 N 24TH PL"
"255156",461762652,"5/3/12","1:25:00 PM","METER PARKING VIOLATION","1231 W VLIET ST"
"45392",458116934,"1/24/12","9:38:00 AM","METER PARKING VIOLATION","913 W WELLS ST"
"664985",465990895,"11/23/12","9:50:00 AM","METER PARKING VIOLATION","2165 N PROSPECT AVE"
"314279",462422925,"5/31/12","1:06:00 PM","PARKED WITHIN 4 FEET OF DRIVE OR ALLEY","816 N 14TH ST"
"688465",466161124,"12/5/12","4:31:00 PM","METER PARKING VIOLATION","745 N 4TH ST"
"549732",464837914,"9/26/12","8:44:00 PM","METER PARKING VIOLATION","1935 N FARWELL AVE"
"655124",465999030,"11/16/12","3:21:00 PM","METER PARKING VIOLATION","231 W WELLS ST"
"361055",462951661,"6/23/12","5:58:00 AM","NIGHT PARKING - WRONG SIDE","439 W WALKER ST"
"133390",460525273,"3/3/12","1:10:00 PM","PARKED IN EXCESS OF 2 HOURS PROHIBITED","204 W WASHINGTON ST"
"551543",464750893,"9/27/12","5:19:00 AM","NIGHT PARKING","2126 S 23RD ST"
"142548",662638955,"3/8/12","1:11:00 AM","UNREGISTERED/ IMPROPERLY REGISTERED VEHICLE","2256 S 15TH ST"
"572272",464863162,"10/7/12","8:26:00 PM","PARKED WITHIN 10 FEET OF FIRE HYDRANT","2702 N FREDERICK AVE"
"433857",463735521,"8/1/12","3:17:00 AM","NIGHT PARKING","2571 N STOWELL AVE"
"711211",466531973,"12/14/12","6:13:00 AM","PARKING PROHIBITED BY OFFICIAL SIGN","6903 N DARIEN ST"
"494604",464245246,"8/31/12","3:58:00 PM","TOW-AWAY ZONE (POSTED)","704 N WATER ST"
"39222",459374510,"1/20/12","4:48:00 AM","NIGHT PARKING - WRONG SIDE","2814 W CARMEN AVE"
"64005",459859886,"2/1/12","12:43:00 PM","METER PARKING VIOLATION","1030 N 6TH ST"
"284436",461977795,"5/16/12","11:27:00 AM","METER PARKING VIOLATION","3265 N MARYLAND AVE"
"734416",466770802,"12/27/12","2:00:00 AM","NIGHT PARKING - WRONG SIDE","5451 N 74TH ST"
"543864",464566815,"9/24/12","1:01:00 PM","METER PARKING VIOLATION","803 W HISTORIC MITCHELL ST"
"655207",465507512,"11/16/12","3:59:00 PM","METER PARKING VIOLATION","2150 N PROSPECT AVE"
"439001",463788846,"8/3/12","4:43:00 AM","NIGHT PARKING","2950 N 37TH ST"
"39045",459546231,"1/20/12","4:53:00 PM","PARKING PROHIBITED BY OFFICIAL SIGN","3112 W SCOTT ST"
"624798",465608264,"11/2/12","11:46:00 AM","PARKED IN EXCESS OF 2 HOURS PROHIBITED","829 N MARSHALL ST"
"573107",464949015,"10/8/12","10:29:00 AM","PARKED LESS THAN 15 FEET FROM CROSSWALK","2782 S TAYLOR AVE"
"718092",466569902,"12/18/12","2:39:00 AM","NIGHT PARKING - WRONG SIDE","5730 N 97TH ST"
"404095",462695601,"7/17/12","12:33:00 PM","PARKED IN EXCESS OF 2 HOURS PROHIBITED","1131 N JACKSON ST"
"438242",463609473,"8/3/12","3:30:00 AM","NIGHT PARKING","2250 N 15TH ST"
"671120",466005746,"11/27/12","11:36:00 PM","PARKED LESS THAN 15 FEET FROM CROSSWALK","2502 E WEBSTER PL"
"193379",461082790,"4/2/12","3:36:00 AM","NIGHT PARKING","597 E ERIE ST"
"347265",462742501,"6/16/12","2:52:00 AM","NIGHT PARKING - WRONG SIDE","8044 W TRIPOLI AVE"
"35937",458318276,"1/19/12","3:07:00 PM","METER PARKING VIOLATION","1219 W FOREST HOME AVE"
"433233",463508861,"8/1/12","11:00:00 AM","PARKED IN EXCESS OF 1 HOUR PROHIBITED","2605 E KENWOOD BLVD"
"56066",459808624,"1/28/12","6:14:00 PM","PARKING PROHIBITED BY OFFICIAL SIGN","1915 N WATER ST"
"243357",461610494,"4/27/12","3:47:00 AM","NIGHT PARKING","8820 W CLOVERNOOK CT"
"617858",465500582,"10/30/12","8:56:00 AM","METER PARKING VIOLATION","625 N 18TH ST"
"433991",463768340,"8/1/12","5:33:00 AM","NIGHT PARKING","924 E MEINECKE AVE"
"114402",460444014,"2/23/12","3:29:00 PM","PARKED IN EXCESS OF 2 HOURS PROHIBITED","1805 N ARLINGTON PL"
"7492",459295152,"1/5/12","2:39:00 AM","NIGHT PARKING","3226 N 36TH ST"
"278113",462040423,"5/12/12","10:55:00 AM","OBSTRUCTING BUS LOADING ZONE","1644 N DR. M.L. KING JR. DR"
"284617",461928972,"5/16/12","2:12:00 PM","METER PARKING VIOLATION","928 W STATE ST"
"137889",460483240,"3/6/12","10:49:00 AM","IMPROPERLY DISPLAYED VEHICLE REGISTRATION","2640 N 10TH ST"
"690256",466305151,"12/5/12","5:56:00 AM","NIGHT PARKING - WRONG SIDE","1619 S UNION ST"
"167930",459870655,"3/20/12","5:20:00 PM","OBSTRUCTING BUS LOADING ZONE","319 N WATER ST"
"645937",465542895,"11/13/12","10:21:00 AM","OBSTRUCTING BUS LOADING ZONE","5924 W NORTH AVE"
"234127",461741350,"4/24/12","2:22:00 PM","METER PARKING VIOLATION","429 E LINCOLN AVE"
"141",459348503,"1/1/12","8:00:00 AM","PARKING PROHIBITED BY OFFICIAL SIGN","1331 E HAMILTON ST"
"693629",466328601,"12/6/12","5:55:00 AM","NIGHT PARKING - WINTER RESTRICTED","5716 W VILLARD AVE"
"671020",465891731,"11/27/12","7:23:00 PM","METER PARKING VIOLATION","2419 KENWOOD BLVD"
"59957",459797015,"1/31/12","11:29:00 AM","METER PARKING VIOLATION","708 N MILWAUKEE ST"
"307082",462492052,"5/26/12","4:41:00 AM","NIGHT PARKING - WRONG SIDE","3228 N 46TH ST"
"427332",463427182,"7/28/12","9:32:00 AM","PARKED LESS THAN 15 FEET FROM CROSSWALK","1400 W HAYES AVE"
"211786",461153873,"4/11/12","2:55:00 AM","NIGHT PARKING","2208 N 48TH ST"
"428834",463273123,"7/30/12","5:09:00 AM","NIGHT PARKING - WRONG SIDE","3850 S 84TH ST"
"549998",464864816,"9/26/12","4:31:00 AM","NIGHT PARKING - WRONG SIDE","2730 S LOGAN AVE"
"418865",463317234,"7/24/12","3:02:00 PM","TOW-AWAY ZONE (POSTED)","924 W WELLS ST"
"297908",462249900,"5/22/12","3:19:00 AM","NIGHT PARKING","443 N 41TH ST"
"332491",462381743,"6/8/12","2:52:00 AM","NIGHT PARKING - WRONG SIDE","4624 N 50TH ST"
"555187",464982836,"9/28/12","2:12:00 AM","NIGHT PARKING - WRONG SIDE","222 W PITTSBURGH AVE"
"182724",460891664,"3/28/12","1:19:00 PM","METER PARKING VIOLATION","832 E WISCONSIN AVE"
"24836",459383945,"1/12/12","1:22:00 PM","METER PARKING VIOLATION","735 N 9TH ST"
"368781",462983360,"6/27/12","2:26:00 AM","NIGHT PARKING - WRONG SIDE","4105 S LOGAN AVE"
"88600",460120301,"2/13/12","9:16:00 AM","METER PARKING VIOLATION","315 N JEFFERSON ST"
"383973",463154296,"7/6/12","10:59:00 AM","METER PARKING VIOLATION","648 N 4TH ST"
"544900",464866883,"9/24/12","3:43:00 AM","NIGHT PARKING - WRONG SIDE","4630 W AUER AVE"
"518348",464614570,"9/12/12","3:26:00 AM","NIGHT PARKING","161 S 77TH ST"
"248732",461660555,"5/1/12","1:49:00 AM","PARKED MORE THAN 12 INCHES FROM CURB","1901 E BRADFORD AVE"
"495267",464168950,"8/31/12","11:27:00 AM","PARKED IN EXCESS OF 1 HOUR PROHIBITED","3205 N OAKLAND AVE"
"404881",463396404,"7/17/12","2:06:00 PM","IMPROPERLY DISPLAYED VEHICLE REGISTRATION","2606 N 7TH ST"
"181740",461055221,"3/27/12","4:55:00 AM","NIGHT PARKING","3168 N 42ND ST"
"101106",460276692,"2/17/12","2:46:00 AM","NIGHT PARKING","1041 S 33 ST"
"118375",460497181,"2/25/12","3:49:00 AM","NIGHT PARKING - WRONG SIDE","3079 S 11 ST"
"167719",460964431,"3/20/12","5:36:00 AM","NIGHT PARKING","2429 S 13TH ST"
"89330",460192806,"2/13/12","1:50:00 PM","PARKING PROHIBITED BY OFFICIAL SIGN","808 N 18TH ST"
"112237",460374950,"2/23/12","3:15:00 AM","NIGHT PARKING - WRONG SIDE","1235 S 36 ST"
"501410",464312531,"9/5/12","12:49:00 PM","RESIDENTIAL PARKING PROGRAM","3024 N PROSPECT AVE"
"393313",463244445,"7/11/12","5:45:00 PM","METER PARKING VIOLATION","1710 N ARLINGTON PL"
"697360",466536711,"12/8/12","6:08:00 AM","PARKING PROHIBITED BY OFFICIAL SIGN","1504 E WINDSOR PL"
"219291",461292300,"4/16/12","4:58:00 PM","PARKED IN EXCESS OF 2 HOURS PROHIBITED","2873 N FREDERICK AVE"
"84674",458617784,"2/10/12","12:21:00 PM","METER PARKING VIOLATION","2310 N MURRAY AVE"
"362732",463018485,"6/25/12","11:22:00 AM","METER PARKING VIOLATION","913 N 4TH ST"
"673823",466208805,"11/28/12","9:49:00 AM","METER PARKING VIOLATION","789 N JACKSON ST"
"238191",461486395,"4/25/12","2:21:00 AM","NIGHT PARKING","9832 W BELOIT RD"
"99846",460170583,"2/17/12","5:15:00 AM","NIGHT PARKING - WINTER RESTRICTED","5809 N 68TH ST"
"291766",462204654,"5/19/12","5:36:00 AM","NIGHT PARKING","8246 W THURSTON AVE"
"406875",463186850,"7/18/12","2:24:00 PM","METER PARKING VIOLATION","3265 N DOWNER AVE"
"565418",464929161,"10/4/12","3:23:00 AM","NIGHT PARKING - WRONG SIDE","3410 S 8TH ST"
"236798",461622700,"4/25/12","10:31:00 AM","PARKED IN SCHOOL ZONE","635 S 4TH ST"
"628087",465462642,"11/4/12","8:49:00 AM","PARKING PROHIBITED BY OFFICIAL SIGN","1711 S 9TH ST"
"382036",463234811,"7/5/12","1:36:00 PM","METER PARKING VIOLATION","806 N 10TH ST"
"313806",462570360,"5/31/12","9:07:00 PM","METER PARKING VIOLATION","1710 N ARLINGTON PL"
"109328",460317583,"2/22/12","7:23:00 PM","METER PARKING VIOLATION","3070 N STOWELL AVE"
"342646",462183470,"6/14/12","11:27:00 AM","METER PARKING VIOLATION","716 N JAMES LOVELL ST"
"596232",465479280,"10/19/12","4:42:00 AM","NIGHT PARKING","1720 E PROVIDENCE AVE"
"506932",464608060,"9/7/12","4:41:00 AM","NIGHT PARKING","2407 N OAKLAND AVE"
"589867",465220571,"10/16/12","7:27:00 PM","METER PARKING VIOLATION","2413 E KENWOOD BLVD"
"560134",465036294,"10/2/12","11:48:00 AM","METER PARKING VIOLATION","300 W ST PAUL AVE"
"619806",465664065,"10/31/12","12:36:00 PM","METER PARKING VIOLATION","1041 N 6TH ST"
"263490",462128236,"5/7/12","5:17:00 AM","NIGHT PARKING - WRONG SIDE","2209 W GREENFIELD AVE"
"492581",464212884,"8/30/12","4:16:00 PM","METER PARKING VIOLATION","414 E WISCONSIN AVE"
"110318",460353154,"2/22/12","4:15:00 AM","NIGHT PARKING - WINTER RESTRICTED","6701 N 84TH ST"
"1870",458164523,"1/3/12","8:11:00 PM","PARKING PROHIBITED BY OFFICIAL SIGN","3019 W JUNEAU AVE"
"519088",464397334,"9/12/12","7:04:00 AM","IMPROPERLY DISPLAYED VEHICLE REGISTRATION","2113 W LINCOLN AVE"
"38866",459698234,"1/20/12","4:23:00 AM","NIGHT PARKING - WINTER RESTRICTED","3842 N PORT WASHINGTON AVE"
"17576",459437344,"1/9/12","11:42:00 AM","METER PARKING VIOLATION","313 W MICHIGAN ST"
"213918",461023824,"4/12/12","3:52:00 PM","METER PARKING VIOLATION","526 N JEFFERSON ST"
"347418",462809443,"6/16/12","2:05:00 AM","NIGHT PARKING - WRONG SIDE","4022 N 49TH ST"
"370352",462933100,"6/28/12","1:27:00 PM","METER PARKING VIOLATION","744 N 8TH ST"
"269916",462056302,"5/9/12","9:46:00 AM","METER PARKING VIOLATION","628 N BROADWAY ST"
"275822",462171345,"5/11/12","2:58:00 AM","NIGHT PARKING","3064 N MARYLAND AVE"
"722569",466673771,"12/20/12","4:09:00 PM","METER PARKING VIOLATION","1109 N WATER ST"
"484605",464093276,"8/27/12","9:44:00 PM","PARKED LESS THAN 15 FEET FROM CROSSWALK","802 N MILWAUKEE ST"
"649781",466059112,"11/14/12","10:18:00 PM","PARKED LESS THAN 15 FEET FROM CROSSWALK","2301 E PARK PL"
"245630",461537215,"4/28/12","3:57:00 PM","PARKED IN EXCESS OF 2 HOURS PROHIBITED","278 E ERIE ST"
"200103",461344391,"4/5/12","2:45:00 AM","NIGHT PARKING","2570 N BOOTH ST"
"278252",462087555,"5/13/12","12:43:00 PM","PARKED WITHIN 4 FEET OF DRIVE OR ALLEY","4745 W WISCONSIN AVE"
"365500",462704771,"6/26/12","4:40:00 PM","PARKED WRONG DIRECTION","702 N 29TH ST"
"11901",459426516,"1/6/12","3:16:00 PM","PARKING PROHIBITED BY OFFICIAL SIGN","2022 W CAPITOL DR"
"218262",461320020,"4/14/12","2:30:00 AM","NIGHT PARKING","439 E LLOYD ST"
"13178",459275714,"1/6/12","12:52:00 PM","METER PARKING VIOLATION","245 E BUFFALO ST"
"360419",462952560,"6/23/12","11:14:00 AM","PARKED WITHIN 4 FEET OF DRIVE OR ALLEY","1318 N ASTOR ST"
"490564",464338151,"8/29/12","4:22:00 AM","NIGHT PARKING - WRONG SIDE","4051 N 19TH ST"
"63341",459832995,"2/1/12","2:54:00 AM","NIGHT PARKING","3351 S PENNSYLVANIA AVE"
"116101",460468724,"2/24/12","3:47:00 AM","NIGHT PARKING - WRONG SIDE","3468 S 15 ST"
"692517",466262871,"12/6/12","1:09:00 AM","PARKED WITHIN 4 FEET OF DRIVE OR ALLEY","1023 E KNAPP ST"
"395257",463343683,"7/11/12","5:18:00 AM","NIGHT PARKING - WRONG SIDE","1235 W EUCLID AVE"
"582354",465177436,"10/12/12","5:55:00 AM","NIGHT PARKING","1813 W JUNEAU AVE"
"583017",465126535,"10/12/12","12:24:00 PM","METER PARKING VIOLATION","710 W HISTORIC MITCHELL ST"
"50481",459507941,"1/26/12","3:47:00 PM","PARKED IN EXCESS OF 1 HOUR PROHIBITED","2711 E KENWOOD BLVD"
"385169",661860721,"7/6/12","8:44:00 PM","PARKED IN LOADING ZONE","155 N JACKSON ST"
"576455",465122560,"10/9/12","10:56:00 AM","METER PARKING VIOLATION","633 E MASON ST"
"39034",459487626,"1/20/12","5:14:00 PM","METER PARKING VIOLATION","520 N 16TH ST"
"647891",465982226,"11/14/12","4:02:00 AM","NIGHT PARKING","9721 W REICHERT PL"
"430850",463416693,"7/31/12","2:51:00 PM","PARKED IN EXCESS OF 3 HOURS PROHIBITED","2591 N STOWELL AVE"
"554777",465014196,"9/28/12","3:20:00 AM","NIGHT PARKING","2840 N CRAMER ST"
"79772",459269230,"2/8/12","4:29:00 AM","UNREGISTERED/ IMPROPERLY REGISTERED VEHICLE","418 S 70 ST"
"645698",465783334,"11/13/12","4:33:00 AM","NIGHT PARKING","1512 S UNION ST"
"108063",460392365,"2/21/12","4:40:00 AM","NIGHT PARKING","5603 W MARTIN DR"
"455573",463943631,"8/11/12","3:21:00 AM","NIGHT PARKING - WRONG SIDE","4331 N 47TH ST"
"664434",466042975,"11/23/12","10:26:00 AM","METER PARKING VIOLATION","635 N JEFFERSON ST"
"520803",463600126,"9/13/12","3:44:00 AM","NIGHT PARKING","2232 N HOLTON ST"
"144265",460706212,"3/8/12","3:39:00 AM","NIGHT PARKING","2215 W MAPLE ST"
"713244",466634700,"12/14/12","4:15:00 PM","PARKED IN EXCESS OF 3 HOURS PROHIBITED","1643 S 9TH ST"
"621727",465676400,"11/1/12","2:27:00 PM","METER PARKING VIOLATION","810 N MILWAUKEE ST"
"160227",662546555,"3/16/12","5:55:00 AM","UNREGISTERED/ IMPROPERLY REGISTERED VEHICLE","4351 W MEINECK P"
"460251",463983520,"8/14/12","3:26:00 AM","NIGHT PARKING - WRONG SIDE","504 E HOLT AVE"
"168246",461004110,"3/21/12","2:02:00 AM","NIGHT PARKING - WRONG SIDE","1813 N 19TH ST"
"114223",460379393,"2/23/12","11:15:00 AM","METER PARKING VIOLATION","2210 S KINNICKINNIC AVE"
"586858",465019111,"10/15/12","3:52:00 AM","NIGHT PARKING - WRONG SIDE","1419 E RUSSELL AVE"
"704828",466446562,"12/12/12","5:33:00 AM","NIGHT PARKING","2809 W HIGHLAND BD"
"722950",466794344,"12/20/12","4:55:00 AM","NIGHT PARKING","2846 N FREDERICK AVE"
"341974",462826313,"6/13/12","3:03:00 PM","TOW-AWAY ZONE (POSTED)","735 W WISCONSIN AVE"
"31338",459565293,"1/15/12","6:18:00 PM","PARKING IN EXCESS OF 24 HOURS","223 S 3RD ST"
"480515",464204123,"8/24/12","1:07:00 PM","METER PARKING VIOLATION","650 N 2ND ST"
"605104",465416615,"10/24/12","4:21:00 AM","NIGHT PARKING - WRONG SIDE","526 E CHICAGO ST"
"335819",462691180,"6/11/12","4:44:00 AM","NIGHT PARKING","832 S 21ST ST"
"94085",460268465,"2/15/12","5:23:00 AM","NIGHT PARKING - WRONG SIDE","321 E SCHILLER ST"
"334982",462741160,"6/9/12","4:27:00 AM","NIGHT PARKING - WRONG SIDE","3325 W ARTHUR AVE"
"519177",464570680,"9/12/12","12:34:00 PM","PARKING PROHIBITED BY OFFICIAL SIGN","1835 E NEWBERRY BLVD"
"428137",463648441,"7/30/12","2:42:00 AM","NIGHT PARKING","3041 N 24TH PL"
"254691",662602216,"5/3/12","9:05:00 PM","TOW-AWAY ZONE (BLOCKING DRIVEWAY)","2206 W. MORGAN R/O"
"235107",461397742,"4/24/12","8:46:00 AM","METER PARKING VIOLATION","704 N JEFFERSON ST"
"400538",463524165,"7/14/12","3:24:00 AM","NIGHT PARKING","2808 N MARYLAND AVE"
"545258",464635743,"9/25/12","12:58:00 PM","METER PARKING VIOLATION","304 E ST PAUL AVE"
"532866",464583980,"9/19/12","","PARKED LESS THAN 15 FEET FROM CROSSWALK","732 E LYON ST"
"50766",459736465,"1/26/12","7:26:00 PM","PARKED IN EXCESS OF 1/2 HOUR PROHIBITED","3367 N HACKETT AVE"
"425476",463400884,"7/27/12","1:41:00 PM","METER PARKING VIOLATION","815 N WATER ST"
"63489",459762752,"2/1/12","5:12:00 AM","IMPROPERLY DISPLAYED VEHICLE REGISTRATION","905 S 18 ST"
"360475",462789773,"6/23/12","3:47:00 PM","PARKED IN EXCESS OF 2 HOURS PROHIBITED","2328 N TERRACE AVE"
"178742",460887921,"3/26/12","4:22:00 AM","NIGHT PARKING","930 W WINDLAKE AVE"
"448414",463811692,"8/8/12","1:23:00 PM","METER PARKING VIOLATION","1025 N 9TH ST"
"96530",460356326,"2/16/12","3:53:00 AM","NIGHT PARKING - WINTER RESTRICTED","520 E KILBOURN AVE"
"727937",466798640,"12/22/12","4:00:00 AM","NIGHT PARKING - WINTER RESTRICTED","1420 N WATER ST"
"593552",465203723,"10/18/12","4:23:00 AM","NIGHT PARKING","2863 N 57TH ST"
"553472",464689175,"9/28/12","11:41:00 AM","PARKING PROHIBITED BY OFFICIAL SIGN","2348 S 27 ST"
"86693",460029614,"2/11/12","2:29:00 AM","NIGHT PARKING","2024 W JUNEAU AVE"
"700513",466509175,"12/10/12","5:30:00 AM","NIGHT PARKING - WINTER RESTRICTED","1655 S 11TH ST"
"462963",463962133,"8/15/12","3:55:00 AM","NIGHT PARKING","1217 W SCOTT ST"
"698470",466389184,"12/8/12","4:24:00 AM","NIGHT PARKING - WINTER RESTRICTED","2230 W LINCOLN AVE"
"731937",466780156,"12/24/12","12:29:00 PM","METER PARKING VIOLATION","255 E CHICAGO ST"
"149277",460765200,"3/12/12","5:57:00 AM","NIGHT PARKING - WRONG SIDE","3430 W CHERRY ST"
"151398",460762330,"3/13/12","4:38:00 PM","PARKED IN EXCESS OF 2 HOURS PROHIBITED","734 N 4TH ST"
"452006",463233945,"8/10/12","12:10:00 PM","PARKED IN CROSSWALK","4700 W CENTER ST"
"249033",461624380,"5/1/12","2:36:00 AM","NIGHT PARKING - WRONG SIDE","409 W SAVELAND AVE"
"92826",460210656,"2/14/12","4:41:00 PM","METER PARKING VIOLATION","239 N BROADWAY"
"618237",465620654,"10/31/12","3:41:00 PM","PARKED IN EXCESS OF 1 HOUR PROHIBITED","3061 N HACKETT AVE"
"643077",465742664,"11/11/12","1:45:00 AM","PARKED WITHIN 4 FEET OF DRIVE OR ALLEY","2011 W MICHIGAN ST"
"200532",461296533,"4/5/12","2:04:00 PM","PARKED IN EXCESS OF 3 HOURS PROHIBITED","1540 N JACKSON ST"
"205241",461345485,"4/7/12","4:31:00 AM","NIGHT PARKING - WRONG SIDE","4467 N 55TH ST"
"506408",464054161,"9/6/12","3:47:00 AM","NIGHT PARKING","5227 N 48TH ST"
"64015",459920300,"2/1/12","2:30:00 PM","METER PARKING VIOLATION","312 W HIGHLAND AVE"
"291765",462165406,"5/19/12","5:35:00 AM","NIGHT PARKING","1140 N CALLAHAN PL"
"633496",465511362,"11/7/12","3:01:00 AM","NIGHT PARKING - WRONG SIDE","2941 S 11TH ST"
"350837",462481961,"6/19/12","3:30:00 PM","PARKED IN EXCESS OF 3 HOURS PROHIBITED","2328 E BACK BAY"
"632712",465569893,"11/6/12","4:41:00 PM","METER PARKING VIOLATION","809 E MASON ST"
"609001",465328150,"10/25/12","10:53:00 PM","PARKED IN CROSSWALK","1138 E HAMILTON ST"
"605625",465345484,"10/24/12","5:18:00 AM","NIGHT PARKING","2973 N 29TH ST"
"312371",462351153,"5/30/12","4:02:00 AM","NIGHT PARKING","2835 W MICHIGAN ST"
"488972",464259110,"8/28/12","8:20:00 PM","IMPROPERLY DISPLAYED VEHICLE REGISTRATION","420 N 92ND ST"
"216062",461260332,"4/13/12","3:55:00 AM","NIGHT PARKING","2543 N FARWELL AVE"
"140256",460620020,"3/7/12","12:31:00 PM","METER PARKING VIOLATION","219 W KILBOURN AVE"
"633580",465744775,"11/7/12","10:24:00 PM","UNREGISTERED/ IMPROPERLY REGISTERED VEHICLE","229 W WISCONSIN AVE"
"4975",459254482,"1/4/12","3:01:00 AM","NIGHT PARKING","1013 E WATERFORD AVE"
"198828",461294621,"4/5/12","12:04:00 PM","METER PARKING VIOLATION","734 N 2ND ST"
"721376",466665566,"12/19/12","1:24:00 PM","METER PARKING VIOLATION","1309 W VLIET ST"
"440575",463670476,"8/4/12","2:13:00 PM","METER PARKING VIOLATION","717 N 12TH ST"
"55325",662418120,"1/27/12","11:07:00 AM","PARKED POSTED PRIVATE PROPERTY","5475 N 67TH ST"
"67609",459729583,"2/2/12","12:01:00 PM","PARKED LESS THAN 15 FEET FROM CROSSWALK","2534 E WEBSTER PL"
"62836",459775120,"2/1/12","10:46:00 AM","PARKING PROHIBITED BY OFFICIAL SIGN","2022 N NEWHALL ST"
"290428",462190385,"5/18/12","2:46:00 AM","NIGHT PARKING","3243 N 28TH ST"
"605419",465345694,"10/24/12","7:45:00 AM","PARKED IN SCHOOL ZONE","2767 N FRATNEY ST"
"397439",463237541,"7/12/12","4:48:00 AM","NIGHT PARKING","2739 N 61ST ST"
"721316",466702563,"12/19/12","2:00:00 PM","PARKED LESS THAN 15 FEET FROM CROSSWALK","104 W GARFIELD AVE"
"169014",460986245,"3/21/12","4:33:00 AM","NIGHT PARKING","3834 N 36TH ST"
"638502",465657474,"11/8/12","10:04:00 PM","PARKED LESS THAN 15 FEET FROM CROSSWALK","901 E LYON ST"
"476933",464127926,"8/23/12","8:34:00 PM","IMPROPERLY DISPLAYED VEHICLE REGISTRATION","1131 N 4TH ST"
"418140",463447526,"7/24/12","11:23:00 AM","METER PARKING VIOLATION","2624 N DOWNER AVE"
"265526",461947275,"5/8/12","6:27:00 PM","PARKING PROHIBITED BY OFFICIAL SIGN","303 W MICHIGAN ST"
"333432",462381850,"6/8/12","3:25:00 AM","NIGHT PARKING","4881 N 50TH ST"
"395819",463150855,"7/12/12","2:00:00 PM","METER PARKING VIOLATION","716 N 9TH ST"
"222482",461415496,"4/17/12","4:53:00 AM","NIGHT PARKING - WRONG SIDE","437 N 31TH ST"
"77567",459905132,"2/7/12","4:15:00 AM","NIGHT PARKING","9401 W CALUMET RD"
"180244",459671520,"3/27/12","4:16:00 AM","NIGHT PARKING","2322 N WEIL ST"
"159976",460747206,"3/16/12","5:51:00 AM","NIGHT PARKING - WRONG SIDE","2742 N AVONDALE BLVD"
"569631",464855661,"10/5/12","1:01:00 PM","PARKING PROHIBITED BY OFFICIAL SIGN","780 N BROADWAY"
"127816",460542390,"3/1/12","4:25:00 AM","NIGHT PARKING","3113 W LISBON AVE"
"201497",461129071,"4/6/12","4:04:00 AM","NIGHT PARKING - WRONG SIDE","2768 N 56TH ST"
"154051",460754803,"3/14/12","2:13:00 PM","METER PARKING VIOLATION","1200 N MARKET ST"
"100035",460357671,"2/17/12","3:56:00 AM","NIGHT PARKING - WINTER RESTRICTED","831 N WATER ST"
"612824",465540670,"10/27/12","4:27:00 AM","NIGHT PARKING","2608 W GRANT ST"
"662429",466105010,"11/21/12","3:17:00 PM","PARKED IN EXCESS OF 2 HOURS PROHIBITED","3001 W DAKOTA ST"
"604301",464868714,"10/24/12","1:09:00 PM","METER PARKING VIOLATION","1230 E BRADY ST"
"499335",464317265,"9/4/12","7:07:00 PM","METER PARKING VIOLATION","1935 N FARWELL AVE"
"659756",465985063,"11/20/12","2:47:00 PM","IMPROPERLY DISPLAYED VEHICLE REGISTRATION","2330 N CAMBRIDGE AVE"
"623123",465538846,"11/1/12","5:44:00 AM","NIGHT PARKING - WRONG SIDE","1846 N 39TH ST"
"127546",459301776,"3/1/12","6:16:00 PM","METER PARKING VIOLATION","510 W HIGHLAND AVE"
"226045",461472760,"4/19/12","1:09:00 AM","PARKED LESS THAN 15 FEET FROM CROSSWALK","1840 W ARROW ST"
"51208",459375781,"1/26/12","4:32:00 AM","NIGHT PARKING","3409 S ILLINOIS AVE"
"111304",460242974,"2/22/12","1:03:00 PM","METER PARKING VIOLATION","515 N BROADWAY ST"
"91052",459220941,"2/14/12","3:07:00 PM","PARKED IN EXCESS OF 2 HOURS PROHIBITED","1508 E BRADY ST"
"497261",464452074,"9/1/12","3:17:00 PM","PARKING PROHIBITED BY OFFICIAL SIGN","5309 W CENTER ST"
"26162",459405564,"1/12/12","2:41:00 AM","NIGHT PARKING - WRONG SIDE","918 E WATERFORD AVE"
"584651",465049513,"10/13/12","3:58:00 AM","NIGHT PARKING - WRONG SIDE","2531 N 50TH ST"
"1264",459059952,"1/2/12","2:22:00 PM","PARKING PROHIBITED BY OFFICIAL SIGN","1812 E LAFAYETTE PL"
"586397",465270536,"10/15/12","1:51:00 PM","METER PARKING VIOLATION","630 N BROADWAY"
"176512",460725370,"3/24/12","10:01:00 AM","METER PARKING VIOLATION","3618 W NATIONAL AVE"
"166644",460906051,"3/20/12","2:05:00 PM","METER PARKING VIOLATION","430 N WATER ST"
"20332",459449830,"1/10/12","2:25:00 PM","METER PARKING VIOLATION","503 N JEFFERSON ST"
"96029",460136390,"2/15/12","11:18:00 AM","METER PARKING VIOLATION","823 N 4TH ST"
"105683",460298016,"2/20/12","12:42:00 PM","PARKING PROHIBITED BY OFFICIAL SIGN","720 W WELLS ST"
"109876",460189586,"2/22/12","2:49:00 PM","METER PARKING VIOLATION","711 N BROADWAY"
"127252",460627985,"2/29/12","4:12:00 AM","NIGHT PARKING - WRONG SIDE","1721 E IRVING PL"
"243988",461798282,"4/27/12","4:46:00 AM","NIGHT PARKING","4010 N 42 ST"
"239278",461696756,"4/26/12","4:49:00 AM","NIGHT PARKING","2855 N 16TH ST"
"90434",460155371,"2/14/12","4:34:00 AM","NIGHT PARKING - WRONG SIDE","1556 S 15TH PL"
"572055",464893284,"10/6/12","2:33:00 PM","METER PARKING VIOLATION","1720 N ARLINGTON PL"
"392985",463024586,"7/11/12","12:23:00 AM","PARKED WITHIN 4 FEET OF DRIVE OR ALLEY","1620 E ROYALL PL"
"532945",464703971,"9/19/12","9:33:00 PM","IMPROPERLY DISPLAYED VEHICLE REGISTRATION","215 W KILBOURN AVE"
"211128",461183111,"4/11/12","5:17:00 PM","PARKED POSTED PRIVATE PROPERTY","4228 W BURLEIGH ST"
"136791",460530125,"3/6/12","2:59:00 AM","NIGHT PARKING","3907 W CHERRY ST"
"531057",464630633,"9/18/12","1:27:00 PM","PARKED POSTED PRIVATE PROPERTY","2901 W KINNICKINNIC RIVER PKWY"
"634030",465463946,"11/7/12","4:52:00 AM","NIGHT PARKING","849 N 17TH ST"
"349968",462585034,"6/18/12","12:55:00 PM","METER PARKING VIOLATION","2587 N DOWNER AVE"
"433909",462785315,"8/1/12","2:10:00 AM","NIGHT PARKING","4425 N 69TH ST"
"244723",461443043,"4/28/12","4:07:00 AM","NIGHT PARKING - WRONG SIDE","2116 N 36TH ST"
"413895",463545390,"7/21/12","3:03:00 AM","NIGHT PARKING - WRONG SIDE","3609 S 92ND ST"
"211061",461541614,"4/11/12","4:18:00 AM","NIGHT PARKING","2304 E NORTH AVE"
"542560",463593480,"9/22/12","5:11:00 AM","NIGHT PARKING - WRONG SIDE","118 E MAPLE ST"
"339006",462542824,"6/12/12","12:03:00 PM","METER PARKING VIOLATION","760 N JEFFERSON ST"
"597388",465354514,"10/19/12","9:56:00 AM","METER PARKING VIOLATION","832 E WISCONSIN AVE"
"701462",466505023,"12/11/12","11:05:00 AM","METER PARKING VIOLATION","611 E MASON ST"
"28378",459560275,"1/13/12","4:22:00 AM","NIGHT PARKING - WRONG SIDE","3353 N 44TH ST"
"432373",463696085,"8/1/12","8:07:00 PM","PARKING PROHIBITED BY OFFICIAL SIGN","728 N PLANKINTON AVE"
"168054",460805251,"3/20/12","4:53:00 AM","NIGHT PARKING - WRONG SIDE","822 N 25TH ST"
"94833",459963991,"2/15/12","5:10:00 AM","NIGHT PARKING - WINTER RESTRICTED","735 N 17TH ST"
"292768",462222482,"5/19/12","5:27:00 PM","OBSTRUCTING BUS LOADING ZONE","1329 N JACKSON ST"
"605660",465409910,"10/24/12","3:50:00 AM","NIGHT PARKING","4439 N 45TH ST"
"728302",466553345,"12/22/12","12:29:00 PM","METER PARKING VIOLATION","1115 W KILBOURN AVE"
"273248",461961231,"5/10/12","2:44:00 AM","NIGHT PARKING","4261 N 25TH ST"
"648904",465872411,"11/14/12","6:35:00 AM","IMPROPERLY DISPLAYED VEHICLE REGISTRATION","2819 N BUFFUM ST"
"186613",461056864,"3/29/12","3:39:00 AM","NIGHT PARKING - WRONG SIDE","511 E LLOYD ST"
"315884",462283485,"6/1/12","12:01:00 PM","PARKED IN EXCESS OF 2 HOURS PROHIBITED","936 N CASS ST"
"550648",464837741,"9/26/12","6:01:00 PM","PARKED LESS THAN 15 FEET FROM CROSSWALK","1950 N HUMBOLDT AVE"
"417751",463347872,"7/24/12","4:18:00 AM","NIGHT PARKING","1111 S 4TH ST"
"686251",466283543,"12/4/12","1:15:00 PM","PARKING PROHIBITED BY OFFICIAL SIGN","2919 N 37TH ST"
"576086",465085320,"10/9/12","4:41:00 PM","RESIDENTIAL PARKING PROGRAM","3050 N CRAMER ST"
"215776",461301724,"4/13/12","11:32:00 AM","PARKED IN EXCESS OF 2 HOURS PROHIBITED","3118 N CAMBRIDGE AVE"
"228380",461437572,"4/20/12","8:23:00 AM","PARKED IN LOADING ZONE","748 E STATE ST"
"96085",460237120,"2/16/12","7:31:00 AM","IMPROPERLY DISPLAYED VEHICLE REGISTRATION","2165 N HI MOUNT BD"
"700231",466369363,"12/10/12","2:36:00 PM","PARKED IN EXCESS OF 2 HOURS PROHIBITED","3430 S 39TH ST"
"157238",460737502,"3/15/12","3:03:00 AM","NIGHT PARKING","8030 W CONGRESS ST"
"303152",462224626,"5/24/12","5:11:00 AM","NIGHT PARKING","1317 W ORCHARD ST"
"483951",464306673,"8/25/12","5:30:00 AM","NIGHT PARKING - WRONG SIDE","423 E SHIP ST"
"434263",463651812,"8/1/12","4:06:00 PM","PARKED IN EXCESS OF 2 HOURS PROHIBITED","1629 E ROYALL PL"
"638838",465742491,"11/9/12","1:46:00 PM","METER PARKING VIOLATION","510 N 16TH ST"
"216818",461285775,"4/13/12","5:49:00 AM","NIGHT PARKING - WRONG SIDE","3283 N 36TH ST"
"535254",463558970,"9/19/12","7:35:00 PM","METER PARKING VIOLATION","1569 N FARWELL AVE"
"571690",465040892,"10/6/12","4:56:00 AM","NIGHT PARKING","2414 N PALMER ST"
"417507",463344280,"7/24/12","3:21:00 AM","NIGHT PARKING","5327 W LEON TR"
"180439",461049396,"3/27/12","12:35:00 AM","PARKED LESS THAN 15 FEET FROM CROSSWALK","1740 S 24 ST"
"206271",461330310,"4/9/12","10:30:00 AM","PARKED IN EXCESS OF 1 HOUR PROHIBITED","3260 S 16 ST"
"244773",461442822,"4/28/12","3:12:00 AM","NIGHT PARKING - WRONG SIDE","2676 N 44TH ST"
"466222",463947676,"8/17/12","2:37:00 PM","METER PARKING VIOLATION","2408 N FARWELL AVE"
"222828",461613003,"4/18/12","7:20:00 AM","IMPROPERLY DISPLAYED VEHICLE REGISTRATION","1811 W GALENA ST"
"116193",460373270,"2/24/12","9:26:00 AM","SNOW PARKING REGULATION 4 + INCHES","3008 N FARWELL AVE"
"196154",461083571,"4/3/12","3:28:00 AM","NIGHT PARKING","7424 W STARK ST"
"643317",465670424,"11/12/12","3:41:00 AM","NIGHT PARKING - WRONG SIDE","3424 N 9TH ST"
"267497",461969734,"5/8/12","9:57:00 AM","PARKED IN EXCESS OF 1 HOUR PROHIBITED","840 W JUNEAU ST"
"582249",465133222,"10/12/12","3:26:00 AM","NIGHT PARKING - WRONG SIDE","2734 W GRANT ST"
"538699",464685734,"9/21/12","12:43:00 AM","PARKED LESS THAN 15 FEET FROM CROSSWALK","1132 E PLEASANT ST"
"517034",464460415,"9/11/12","1:09:00 PM","PARKED IN LOADING ZONE","712 N BROADWAY"
"265182",461727980,"5/8/12","11:08:00 AM","METER PARKING VIOLATION","614 W NATIONAL AVE"
"445564",463813416,"8/7/12","2:50:00 AM","NIGHT PARKING","2668 N HUMBOLDT BLVD"
"255256",461727162,"5/3/12","1:07:00 AM","PARKED LESS THAN 15 FEET FROM CROSSWALK","2201 E PARK PL"
"316723",462273910,"6/1/12","10:41:00 AM","PARKED IN EXCESS OF 1 HOUR PROHIBITED","3005 N CRAMER ST"
"64755",459942184,"2/1/12","4:48:00 AM","NIGHT PARKING","1030 S 17 ST"
"464165",463920380,"8/16/12","2:27:00 AM","NIGHT PARKING - WRONG SIDE","4230 S LOGAN AVE"
"626671",465693653,"11/3/12","4:17:00 AM","NIGHT PARKING - WRONG SIDE","7773 N 60TH ST"
"541173",464766352,"9/21/12","3:47:00 AM","NIGHT PARKING - WRONG SIDE","2105 N HI MOUNT BLVD"
"200528",461312272,"4/5/12","2:02:00 PM","OBSTRUCTING BUS LOADING ZONE","3259 N 8TH ST"
"15483",459440170,"1/7/12","9:40:00 PM","PARKING PROHIBITED BY OFFICIAL SIGN","4601 S 1ST ST"
"211210",461184592,"4/11/12","9:48:00 AM","METER PARKING VIOLATION","1933 E KENILWORTH PL"
"19846",459450810,"1/10/12","4:04:00 AM","NIGHT PARKING","2145 S 18 ST"
"733545",466718766,"12/27/12","4:57:00 AM","NIGHT PARKING - WINTER RESTRICTED","3371 N DR. M.L. KING JR. DR"
"594158",465247860,"10/18/12","7:52:00 PM","METER PARKING VIOLATION","2305 E KENWOOD BLVD"
"223230",461190520,"4/18/12","12:13:00 PM","METER PARKING VIOLATION","1117 E BRADY ST"
"644991",465951474,"11/12/12","7:37:00 AM","UNREGISTERED/ IMPROPERLY REGISTERED VEHICLE","1420 W ORCHARD ST"
"317319",462485111,"6/1/12","10:22:00 PM","PARKED IN TAXICAB STAND","204 E HIGHLAND AVE"
"673921",466103540,"11/28/12","5:06:00 AM","NIGHT PARKING","2715 N 78TH ST"
"570895",465088584,"10/6/12","12:35:00 PM","PARKED POSTED PRIVATE PROPERTY","7601 W HAMPTON AVE"
"371156",462961424,"6/28/12","1:18:00 PM","METER PARKING VIOLATION","785 N JEFFERSON ST"
"325634",462447392,"6/6/12","8:54:00 PM","METER PARKING VIOLATION","1710 N ARLINGTON PL"
"676063",465967320,"11/29/12","11:51:00 AM","PARKED IN EXCESS OF 1 HOUR PROHIBITED","3109 S 29TH ST"
"38086",459696646,"1/19/12","3:40:00 PM","METER PARKING VIOLATION","3330 N MARYLAND AVE"
"220998",461227211,"4/17/12","4:45:00 AM","NIGHT PARKING","5324 N 48TH ST"
"234715",461475501,"4/24/12","4:30:00 AM","NIGHT PARKING - WRONG SIDE","1816 W JUNEAU AVE"
"82586",459897841,"2/9/12","3:47:00 AM","NIGHT PARKING","2226 S 31 ST"
"525926",464726264,"9/14/12","8:10:00 AM","PARKING IN EXCESS OF 24 HOURS","1968 S 8TH ST"
"428788",463591461,"7/30/12","4:33:00 AM","NIGHT PARKING - WRONG SIDE","2456 S ST CLAIR ST"
"635289",465618171,"11/7/12","11:12:00 AM","METER PARKING VIOLATION","310 N MILWAUKEE ST"
"100080",460357914,"2/17/12","4:46:00 AM","NIGHT PARKING - WINTER RESTRICTED","714 N OLD WORLD THIRD STREET ST"
"422933",462784486,"7/26/12","11:30:00 AM","METER PARKING VIOLATION","2015 E NORTH AVE"
"116654",460280726,"2/24/12","12:54:00 AM","PARKED WITHIN 4 FEET OF DRIVE OR ALLEY","2077 N CAMBRIDGE AVE"
"726157",466686146,"12/21/12","2:33:00 AM","NIGHT PARKING - WRONG SIDE","1531 S 3RD ST"
"470224",463335574,"8/20/12","11:39:00 AM","METER PARKING VIOLATION","3268 N CRAMER ST"
"141361",460693343,"3/7/12","12:05:00 PM","PARKING PROHIBITED BY OFFICIAL SIGN","4012 N 29"
"232437",460641123,"4/23/12","4:14:00 AM","NIGHT PARKING - WRONG SIDE","3061 S 41ST ST"
"24306",459317596,"1/11/12","7:37:00 PM","METER PARKING VIOLATION","2254 S ALLIS ST LOT"
"31595",459533163,"1/16/12","5:38:00 AM","IMPROPERLY DISPLAYED VEHICLE REGISTRATION","331 N 29TH ST"
"32498",459596616,"1/17/12","11:44:00 AM","PARKED IN SCHOOL ZONE","2639 N 51ST ST"
"520930",464646921,"9/13/12","2:33:00 AM","NIGHT PARKING","5560 N 42ND ST"
"219488",461547100,"4/16/12","5:51:00 AM","NIGHT PARKING - WRONG SIDE","8584 W APPLETON AVE"
"155782",460691792,"3/14/12","1:26:00 PM","PARKED IN EXCESS OF 1 HOUR PROHIBITED","3361 N CRAMER ST"
"404328",463340776,"7/17/12","1:08:00 PM","IMPROPERLY DISPLAYED VEHICLE REGISTRATION","818 S 5TH ST"
"743206",465973911,"12/31/12","9:02:00 AM","METER PARKING VIOLATION","811   E WISCONSIN AVE"
"19425",458989845,"1/10/12","7:45:00 PM","METER PARKING VIOLATION","2353 N FARWELL AVE"
"652995",466033455,"11/15/12","5:45:00 AM","NIGHT PARKING","1812 W VOGEL CT"
"80301",459996191,"2/8/12","12:42:00 PM","UNREGISTERED/ IMPROPERLY REGISTERED VEHICLE","5010 N 84 ST"
"656680",465883401,"11/17/12","1:52:00 PM","METER PARKING VIOLATION","928 E BRADY ST"
"235753",461669316,"4/24/12","7:55:00 PM","IMPROPERLY DISPLAYED VEHICLE REGISTRATION","1810 N 14 ST"
"523213",464594465,"9/13/12","4:35:00 AM","NIGHT PARKING - WRONG SIDE","611 W LOCUST ST"
"241325",461673634,"4/26/12","11:11:00 AM","PARKED IN EXCESS OF 1 HOUR PROHIBITED","2905 N MURRAY AVE"
"696880",466329872,"12/7/12","2:25:00 PM","METER PARKING VIOLATION","1809 E LOCUST ST"
"494705",464322084,"8/31/12","11:16:00 AM","METER PARKING VIOLATION","2215 E NORTH AVE"
"180432",460947325,"3/27/12","11:58:00 AM","METER PARKING VIOLATION","755 E KILBOURN AVE"
"408798",463479866,"7/19/12","5:58:00 AM","NIGHT PARKING - WRONG SIDE","3105 W CLYBOURN ST"
"409494",463247072,"7/19/12","11:33:00 AM","METER PARKING VIOLATION","906 N BROADWAY"
"676808",464972815,"11/29/12","5:36:00 PM","METER PARKING VIOLATION","2842 N OAKLAND AVE"
"196507",461153033,"4/4/12","10:44:00 AM","METER PARKING VIOLATION","628 W NATIONAL AVE"
"413944",463545412,"7/21/12","3:06:00 AM","NIGHT PARKING - WRONG SIDE","9007 W BELOIT RD"
"73566",459864930,"2/6/12","8:21:00 PM","PARKED IN CROSSWALK","2531 N DOWNER AVE"
"213354",461299090,"4/12/12","11:25:00 AM","METER PARKING VIOLATION","504 E KILBOURN AV"
"487206",464167222,"8/28/12","4:23:00 AM","NIGHT PARKING - WRONG SIDE","1110 N 17TH ST"
"667541",465991492,"11/25/12","11:00:00 PM","PARKED WITHIN 4 FEET OF DRIVE OR ALLEY","1941 N CAMBRIDGE AVE"
"681108",466106911,"12/1/12","5:01:00 AM","NIGHT PARKING","3412 N 48TH ST"
"98858",460272864,"2/16/12","4:18:00 AM","NIGHT PARKING","2972 N 46TH ST"
"195403",461152646,"4/3/12","6:44:00 PM","PARKING PROHIBITED BY OFFICIAL SIGN","823 N 2ND ST"
"113999",460399962,"2/23/12","12:34:00 PM","METER PARKING VIOLATION","312 W HIGHLAND AVE"
"732243",466668565,"12/26/12","3:09:00 PM","METER PARKING VIOLATION","1010 N WATER ST"
"197643",461279475,"4/4/12","5:38:00 PM","METER PARKING VIOLATION","1825 N FARWELL AVE"
"390301",463188331,"7/10/12","3:22:00 AM","NIGHT PARKING","3337 N 16TH ST"
"234034",461595665,"4/24/12","3:44:00 PM","IMPROPERLY DISPLAYED VEHICLE REGISTRATION","3122 N 48TH ST"
"673600",466114331,"11/28/12","3:54:00 AM","IMPROPERLY DISPLAYED VEHICLE REGISTRATION","5690 N 39TH ST"
"681302",466334400,"12/1/12","4:26:00 AM","NIGHT PARKING","3330 N MARYLAND AVE"
"353430",462853156,"6/20/12","4:26:00 AM","NIGHT PARKING","3321 W LOOMIS RD"
"144128",460609682,"3/8/12","5:02:00 AM","NIGHT PARKING","5725 N 72ND ST"
"214923",461285182,"4/13/12","2:54:00 AM","NIGHT PARKING - WRONG SIDE","3045 N 59TH ST"
"16005",459440240,"1/8/12","2:36:00 AM","UNREGISTERED/ IMPROPERLY REGISTERED VEHICLE","1901 W JUNEAU AVE"
"509589",464652753,"9/8/12","7:56:00 AM","PARKING PROHIBITED BY OFFICIAL SIGN","2314 E LINNWOOD AVE"
"609957",465489290,"10/26/12","2:35:00 AM","NIGHT PARKING","1333 N DR. M.L. KING JR. DR"
"475244",464126784,"8/22/12","8:19:00 PM","PARKED LESS THAN 15 FEET FROM CROSSWALK","2740 E BELLEVIEW PL"
"658835",465888323,"11/19/12","3:56:00 AM","NIGHT PARKING","1994 W LAWRENCE AVE"
"620610",465706054,"11/1/12","2:48:00 AM","NIGHT PARKING","4552 W WELLS ST"
"306223",461884673,"5/25/12","4:12:00 PM","METER PARKING VIOLATION","2589 N DOWNER AVE"
"574013",464737103,"10/8/12","12:40:00 PM","PARKED IN EXCESS OF 2 HOURS PROHIBITED","3105 N NEWHALL ST"
"571791",464922286,"10/6/12","9:25:00 AM","METER PARKING VIOLATION","711 S 5TH ST"
"210564",461223453,"4/11/12","11:54:00 PM","PARKING PROHIBITED BY OFFICIAL SIGN","2124 E LINNWOOD AVE"
"459915",463770322,"8/14/12","2:23:00 AM","NIGHT PARKING - WRONG SIDE","2862 S 45TH ST"
"269353",461675804,"5/9/12","12:53:00 PM","METER PARKING VIOLATION","764 N MILWAUKEE ST"
"167929",459870644,"3/20/12","5:15:00 PM","METER PARKING VIOLATION","815 N WATER ST"
"140285",460666603,"3/7/12","12:36:00 PM","METER PARKING VIOLATION","810 N JEFFERSON ST"
"406982",463056716,"7/18/12","9:17:00 PM","PARKED LESS THAN 15 FEET FROM CROSSWALK","1770 N HUBBARD ST"
"499364",464434902,"9/4/12","10:46:00 PM","IMPROPERLY DISPLAYED VEHICLE REGISTRATION","2315 W ROOSEVELT DR"
"47649",459793390,"1/25/12","4:24:00 PM","PARKING PROHIBITED BY OFFICIAL SIGN","2592 S GRAHAM ST"
"392840",463219595,"7/10/12","5:58:00 AM","NIGHT PARKING - WRONG SIDE","2846 N 48TH ST"
"192584",461151644,"4/2/12","2:05:00 AM","NIGHT PARKING - WRONG SIDE","1024 W PIERCE ST"
"697969",466480055,"12/8/12","9:59:00 AM","PARKING PROHIBITED BY OFFICIAL SIGN","2715 S 10TH ST"
"615818",465442703,"10/30/12","2:24:00 PM","PARKED IN EXCESS OF 1 HOUR PROHIBITED","818 W JUNEAU AVE"
"648507",465826336,"11/14/12","1:23:00 PM","METER PARKING VIOLATION","515 E KILBOURN AV"
"712614",466453724,"12/14/12","5:07:00 PM","PARKED IN EXCESS OF 2 HOURS PROHIBITED","2104 N PROSPECT AVE"
"274061",461775812,"5/11/12","3:30:00 PM","PARKED IN EXCESS OF 3 HOURS PROHIBITED","2514 N STOWELL AVE"
"722588",466577613,"12/20/12","4:23:00 PM","METER PARKING VIOLATION","936 N OLD WORLD THIRD ST"
"490059",464136702,"8/29/12","1:17:00 PM","PARKED IN EXCESS OF 2 HOURS PROHIBITED","604 N 19TH ST"
"51884",459647845,"1/26/12","3:12:00 AM","NIGHT PARKING","2937 N 54TH ST"
"59813",459605204,"1/31/12","4:50:00 AM","NIGHT PARKING","2468 W GALENA ST"
"91251",460199364,"2/14/12","1:45:00 PM","METER PARKING VIOLATION","866 N JAMES LOVELL ST"
"538254",464719415,"9/20/12","12:00:00 PM","METER PARKING VIOLATION","731 N 4TH ST"
"190094",460941666,"3/31/12","3:53:00 AM","NIGHT PARKING - WRONG SIDE","4047 N SHERMAN BLVD"
"295582",462378125,"5/22/12","9:19:00 AM","TOW AWAY VIOLATION - STREET SWEEPING","1025 S 9 ST"
"434096",463736232,"8/1/12","5:35:00 AM","NIGHT PARKING","5123 N 48TH ST"
"159579",460932625,"3/16/12","4:05:00 PM","METER PARKING VIOLATION","940 N 12TH ST"
"741338",466868824,"12/31/12","2:29:00 AM","NIGHT PARKING - WRONG SIDE","3033 S 8TH ST"
"44628",459766764,"1/24/12","6:43:00 PM","METER PARKING VIOLATION","1049 N 6TH ST ST"
"675292",466202413,"11/29/12","3:40:00 PM","METER PARKING VIOLATION","317 N WATER ST"
"32839",459594855,"1/17/12","6:08:00 AM","IMPROPERLY DISPLAYED VEHICLE REGISTRATION","3050 S 9TH ST"
"58074",459780451,"1/30/12","12:49:00 PM","PARKED IN EXCESS OF 2 HOURS PROHIBITED","2800 N CRAMER ST"
"170000",460772476,"3/21/12","11:28:00 AM","METER PARKING VIOLATION","1704 N ARLINGTON PL"
"609445",465359462,"10/26/12","1:01:00 PM","RESIDENTIAL PARKING PROGRAM","3136 N BARTLETT AVE"
"625722",465633372,"11/2/12","4:03:00 AM","NIGHT PARKING - WRONG SIDE","6722 N 84TH ST"
"215746",461396294,"4/13/12","12:44:00 PM","METER PARKING VIOLATION","225 E ST PAUL AV"
"424289",463602635,"7/27/12","3:02:00 PM","METER PARKING VIOLATION","215 N JACKSON ST"
"380425",463230213,"7/3/12","3:05:00 PM","TOW-AWAY ZONE (POSTED)","325 W WISCONSIN AVE"
"226665",461665330,"4/19/12","4:18:00 PM","METER PARKING VIOLATION","113 E WELLS ST"
"251817",461846523,"5/2/12","12:01:00 PM","METER PARKING VIOLATION","213 W WISCONSIN AVE"
"281540",462097823,"5/15/12","11:41:00 AM","PARKED WITHIN 4 FEET OF DRIVE OR ALLEY","608 N 90TH ST"
"711275",466325941,"12/14/12","2:02:00 PM","PARKED IN EXCESS OF 2 HOURS PROHIBITED","215 S 2ND ST"
"159425",460930024,"3/15/12","8:53:00 PM","IMPROPERLY DISPLAYED VEHICLE REGISTRATION","4563 N 21ST ST"
"398402",463420764,"7/13/12","3:15:00 AM","NIGHT PARKING - WRONG SIDE","3305 S 63RD ST"
"574284",465129151,"10/9/12","8:45:00 PM","METER PARKING VIOLATION","1935 N FARWELL AVE"
"173895",461125910,"3/23/12","5:16:00 AM","NIGHT PARKING","2413 E BRADFORD AVE"
"714531",466598720,"12/15/12","2:44:00 AM","NIGHT PARKING - WRONG SIDE","601 W HAYES ST"
"250128",461892340,"5/1/12","4:54:00 PM","METER PARKING VIOLATION","1013 W MC KINLEY AVE"
"75471",459865431,"2/7/12","12:24:00 PM","METER PARKING VIOLATION","755 N MILWAUKEE ST"
"659358",465985262,"11/20/12","4:05:00 PM","PARKED IN EXCESS OF 3 HOURS PROHIBITED","2594 N STOWELL AVE"
"230420",461688776,"4/21/12","8:08:00 AM","IMPROPERLY DISPLAYED VEHICLE REGISTRATION","2746 N 38TH ST"
"126038",460456242,"2/29/12","4:57:00 AM","NIGHT PARKING","3304 N 46TH ST"
"600270",465424886,"10/22/12","10:01:00 PM","PARKED LESS THAN 15 FEET FROM CROSSWALK","938 E PLEASANT ST"
"43551",459611320,"1/23/12","2:01:00 AM","NIGHT PARKING - WRONG SIDE","1137 E WALWORTH ST"
"58862",662545111,"1/30/12","3:40:00 AM","UNREGISTERED/ IMPROPERLY REGISTERED VEHICLE","703 N 21ST ST"
"276376",462058715,"5/11/12","10:42:00 AM","METER PARKING VIOLATION","317 W MICHIGAN ST"
"728499",466623721,"12/23/12","3:40:00 AM","IMPROPERLY DISPLAYED VEHICLE REGISTRATION","8424 W VILLARD AVE"
"205908",461363556,"4/9/12","5:52:00 AM","NIGHT PARKING - WRONG SIDE","6001 W CALUMET RD"
"467941",464015031,"8/18/12","2:37:00 AM","NIGHT PARKING - WRONG SIDE","214 S BARCLAY ST"
"633717",465746982,"11/7/12","5:04:00 AM","NIGHT PARKING","4704 N 35TH ST"
"500119",464294725,"9/5/12","1:46:00 PM","IMPROPERLY DISPLAYED VEHICLE REGISTRATION","836 W ST PAUL AVE"
"277866",462057960,"5/12/12","2:37:00 PM","PARKED IN EXCESS OF 2 HOURS PROHIBITED","1126 N CASS ST"
"212780",461377534,"4/12/12","3:01:00 AM","NIGHT PARKING","2403 S LOGAN AVE"
"283135",461724550,"5/15/12","4:28:00 AM","NIGHT PARKING","7636 W WATERFORD AVE"
"22817",459398656,"1/11/12","1:08:00 AM","PARKED LESS THAN 15 FEET FROM CROSSWALK","1102 W ORCHARD ST"
"293699",462080312,"5/21/12","3:51:00 PM","PARKED IN EXCESS OF 3 HOURS PROHIBITED","2123 E WEBSTER PL"
"702742",662584075,"12/11/12","12:30:00 PM","PARKING PROHIBITED BY OFFICIAL SIGN","2712 N 45TH ST"
"87942",662423274,"2/12/12","12:04:00 PM","PARKING PROHIBITED BY OFFICIAL SIGN","2645 N 36TH ST"
"386881",463027924,"7/7/12","3:23:00 AM","NIGHT PARKING - WRONG SIDE","409 W FLORIDA ST"
"632786",465677450,"11/6/12","2:46:00 AM","NIGHT PARKING","522 W MAPLE ST"
"193895",460915125,"4/3/12","5:23:00 PM","METER PARKING VIOLATION","2585 N DOWNER AVE"
"522613",464023733,"9/13/12","12:24:00 PM","METER PARKING VIOLATION","2225 S KINNICKINNIC AVE"
"226624",461519483,"4/19/12","3:23:00 PM","IMPROPERLY DISPLAYED VEHICLE REGISTRATION","515 W BROWN ST"
"183091",459812430,"3/28/12","5:04:00 AM","NIGHT PARKING - WRONG SIDE","1222 N 33RD ST"
"554313",464938714,"9/28/12","2:39:00 AM","NIGHT PARKING","7933 W FIEBRANTZ AVE"
"637178",465687574,"11/8/12","5:55:00 AM","NIGHT PARKING - WRONG SIDE","1740 N 49TH ST"
"582267",465151256,"10/12/12","5:42:00 AM","NIGHT PARKING","2424 S 10TH ST"
"57775",458406815,"1/30/12","10:15:00 PM","PARKED LESS THAN 15 FEET FROM CROSSWALK","1101 E PLEASANT ST"
"198162",461091901,"4/4/12","12:11:00 PM","METER PARKING VIOLATION","314 E MASON ST"
"641116",465627923,"11/9/12","12:34:00 PM","METER PARKING VIOLATION","837 W HISTORIC MITCHELL ST"
"435979",463667260,"8/2/12","4:44:00 AM","NIGHT PARKING","2169 S 10TH ST"
"288728",462216193,"5/17/12","2:13:00 AM","NIGHT PARKING","322 E WILBUR AVE"
"82845",459975423,"2/9/12","5:51:00 AM","NIGHT PARKING","509 N 25TH ST"
"243088",461843605,"4/27/12","2:31:00 AM","NIGHT PARKING","2828 N CRAMER ST"
"370397",462902182,"6/28/12","4:33:00 PM","PARKED IN EXCESS OF 2 HOURS PROHIBITED","2316 N TERRACE AVE"
"1042",459049544,"1/2/12","12:14:00 PM","METER PARKING VIOLATION","203 E KNAPP ST"
"510840",464424295,"9/8/12","3:49:00 AM","NIGHT PARKING - WRONG SIDE","6060 N 36TH ST"
"143799",460553354,"3/8/12","5:49:00 AM","NIGHT PARKING","9419 W ADLER ST"
"560490",464773455,"10/2/12","5:57:00 AM","NIGHT PARKING - WRONG SIDE","1744 N 34TH ST"
"434561",463649841,"8/1/12","1:13:00 PM","METER PARKING VIOLATION","425 E BUFFALO ST"
"543531",464889246,"9/24/12","9:24:00 PM","IMPROPERLY DISPLAYED VEHICLE REGISTRATION","742 N 4TH ST"
"154066",459555725,"3/14/12","3:14:00 PM","TOW-AWAY ZONE (POSTED)","716W WISCONSIN AVE"
"573680",465087033,"10/8/12","2:56:00 AM","NIGHT PARKING","3145 N 2ND ST"
"548715",464713686,"9/26/12","1:41:00 PM","METER PARKING VIOLATION","813 W MITCHELL ST"
"419707",463197615,"7/25/12","3:32:00 AM","NIGHT PARKING","2528 W WELLS ST"
"126830",460460921,"2/29/12","11:56:00 AM","METER PARKING VIOLATION","531 E KILBOURN AV"
"134847",460674594,"3/5/12","5:32:00 AM","NIGHT PARKING - WRONG SIDE","1613 N 36TH ST"
"444702",463630963,"8/7/12","3:14:00 PM","METER PARKING VIOLATION","740 N VAN BUREN ST"
"169777",460226756,"3/21/12","2:59:00 PM","METER PARKING VIOLATION","704 N WATER ST"
"437780",463703645,"8/3/12","1:43:00 PM","PARKED IN EXCESS OF 2 HOURS PROHIBITED","1560 N PROSPECT AVE"
"43141",459546441,"1/23/12","10:02:00 AM","METER PARKING VIOLATION","306 E ST PAUL AVE"
"482954",464325433,"8/25/12","5:22:00 AM","NIGHT PARKING","2633 N OAKLAND AVE"
"273500",461922311,"5/10/12","5:39:00 PM","METER PARKING VIOLATION","1557 N FARWELL AVE"
"518606",464556842,"9/12/12","4:06:00 AM","NIGHT PARKING - WRONG SIDE","2040 N HOLTON ST"
"367707",462455615,"6/27/12","5:42:00 AM","NIGHT PARKING - WRONG SIDE","3743 N 56TH ST"
"474191",464132233,"8/22/12","2:31:00 PM","IMPROPERLY DISPLAYED VEHICLE REGISTRATION","1421 N 12TH ST"
"140491",460591596,"3/7/12","1:37:00 PM","PARKED IN EXCESS OF 2 HOURS PROHIBITED","1802 E THOMAS AVE"
"313214",462442621,"5/31/12","8:35:00 AM","PARKED LESS THAN 2 FEET FROM VEHICLE","2339 W ROGERS ST"
"717018",466578851,"12/17/12","2:19:00 AM","NIGHT PARKING - WINTER RESTRICTED","4244 N TEUTONIA AVE"
"650827",465984374,"11/15/12","7:29:00 PM","METER PARKING VIOLATION","1557 N FARWELL AVE"
"582596",465055220,"10/12/12","2:11:00 AM","NIGHT PARKING","9127 N 75TH ST"
"627063",465800086,"11/3/12","12:29:00 PM","METER PARKING VIOLATION","2857 N OAKLAND AVE"
"170370",460724832,"3/21/12","4:03:00 PM","PARKING PROHIBITED BY OFFICIAL SIGN","629 N WATER ST"
"128210",459558072,"3/1/12","2:42:00 AM","NIGHT PARKING","1739 E BENNETT AVE"
"61552",459774350,"1/31/12","11:52:00 AM","METER PARKING VIOLATION","540 N 3RD ST"
"403099",463093875,"7/16/12","5:53:00 AM","NIGHT PARKING","203 E BURLEIGH ST"
"177516",460858974,"3/26/12","3:33:00 AM","NIGHT PARKING - WRONG SIDE","2104 N 49TH ST"
"193152",461172412,"4/2/12","5:15:00 PM","METER PARKING VIOLATION","922 N OLD WORLD THIRD STREET ST"
"710757",466541644,"12/14/12","4:43:00 AM","NIGHT PARKING - WRONG SIDE","3260 N 82ND ST"
"96724",460159324,"2/16/12","3:58:00 AM","NIGHT PARKING - WINTER RESTRICTED","10739 W HAMPTON AVE"
"628123",465462723,"11/4/12","10:20:00 AM","PARKING PROHIBITED BY OFFICIAL SIGN","1405 W BECHER ST"
"391086",463068686,"7/10/12","5:18:00 PM","METER PARKING VIOLATION","1612 W WISCONSIN AVE"
"707239",466566940,"12/12/12","6:50:00 PM","METER PARKING VIOLATION","3121 DOWNER AVE"
"122105",460397420,"2/28/12","5:09:00 AM","NIGHT PARKING","6625 W FAIRVIEW AVE"
"89205",460045994,"2/13/12","2:03:00 AM","NIGHT PARKING - WRONG SIDE","801 S SHEA AVE"
"95963",459981443,"2/15/12","4:46:00 PM","METER PARKING VIOLATION","315 E MENOMONEE ST"
"461929",463998290,"8/15/12","4:58:00 PM","METER PARKING VIOLATION","2632 N DOWNER AVE"
"320978",462479032,"6/4/12","4:29:00 AM","NIGHT PARKING","3003 S 34TH ST"
"202147",461134041,"4/6/12","12:33:00 PM","PARKING PROHIBITED BY OFFICIAL SIGN","3050 N STOWELL AVE"
"90878",459964960,"2/14/12","5:12:00 PM","PARKED IN EXCESS OF 2 HOURS PROHIBITED","525 N 20TH ST"
"442553",463782535,"8/6/12","7:23:00 AM","IMPROPERLY DISPLAYED VEHICLE REGISTRATION","5204 N 48TH ST"
"133813",460721660,"3/3/12","2:08:00 AM","NIGHT PARKING","3360 N CRAMER ST"
"688189",466429810,"12/5/12","5:59:00 AM","NIGHT PARKING","2862 N SHEPARD AVE"
"272634",461775344,"5/10/12","5:28:00 AM","NIGHT PARKING","2118 S 7TH ST"
"650200",465806924,"11/14/12","4:35:00 AM","NIGHT PARKING","819 N 23RD ST"
"281899",461918435,"5/15/12","8:24:00 PM","METER PARKING VIOLATION","3068 N STOWELL AVE"
"477366",464276422,"8/23/12","4:48:00 AM","NIGHT PARKING","2129 E BELLEVIEW PL"
"693294",466195962,"12/6/12","1:31:00 PM","METER PARKING VIOLATION","3475 N DOWNER AVE"
"113708",460259402,"2/23/12","5:53:00 AM","NIGHT PARKING - WRONG SIDE","7021 W MT VERNON AVE"
"417123",463498965,"7/24/12","5:11:00 PM","METER PARKING VIOLATION","160 N JEFFERSON ST"
"461223",463903602,"8/15/12","12:10:00 PM","IMPROPERLY DISPLAYED VEHICLE REGISTRATION","1121 W WELLS ST"
"88871",460073740,"2/13/12","12:57:00 PM","METER PARKING VIOLATION","3104 N DOWNER AVE"
"515631",464354494,"9/11/12","5:37:00 AM","NIGHT PARKING","2648 N 46TH ST"
"410062",463156072,"7/19/12","6:03:00 AM","IMPROPERLY DISPLAYED VEHICLE REGISTRATION","3452 N 17TH ST"
"37002",459517973,"1/19/12","8:31:00 AM","METER PARKING VIOLATION","1036 N 6TH ST"
"223339",461490503,"4/18/12","8:27:00 AM","PARKING PROHIBITED BY OFFICIAL SIGN","720 N WATER ST"
"142724",460563644,"3/8/12","5:00:00 AM","NIGHT PARKING - WRONG SIDE","4700 N 52ND ST"
"570987",465120412,"10/6/12","2:14:00 PM","PARKED IN EXCESS OF 2 HOURS PROHIBITED","404 E WELLS ST"
"332855",462211842,"6/8/12","5:10:00 PM","PARKED WITHIN 4 FEET OF DRIVE OR ALLEY","4598 N 84TH ST"
"530420",463600933,"9/18/12","3:28:00 AM","NIGHT PARKING - WRONG SIDE","5724 N 94TH ST"
"590317",465295165,"10/17/12","5:09:00 AM","NIGHT PARKING - WRONG SIDE","2107 W CHERRY ST"
"577294",465324134,"10/10/12","5:46:00 AM","NIGHT PARKING - WRONG SIDE","1110 N 17TH ST"
"401418",463359702,"7/14/12","4:26:00 AM","NIGHT PARKING","8559 W APPLETON AVE"
"546882",464462725,"9/25/12","4:06:00 AM","NIGHT PARKING - WRONG SIDE","3069 N BUFFUM ST"
"208964",461540450,"4/10/12","4:13:00 AM","NIGHT PARKING","1816 N ARLINGTON PL"
"733046",466721570,"12/26/12","1:27:00 PM","METER PARKING VIOLATION","260 E MENOMONEE ST"
"554235",464839981,"9/28/12","4:29:00 PM","METER PARKING VIOLATION","2352 S KINNICKINNIC AVE"
"141421",460629120,"3/7/12","10:20:00 AM","METER PARKING VIOLATION","166 N BROADWAY ST"
"343839",462608742,"6/14/12","12:56:00 PM","METER PARKING VIOLATION","1902 E NORTH AVE"
"656799",465914746,"11/17/12","10:42:00 AM","METER PARKING VIOLATION","3209 N MARYLAND AVE"
"66149",459750863,"2/2/12","2:41:00 AM","NIGHT PARKING - WRONG SIDE","3836 N 40TH ST"
"66357",459762914,"2/2/12","2:02:00 AM","NIGHT PARKING - WRONG SIDE","1668 S 22 ST"
"372293",462886616,"6/29/12","1:44:00 AM","PARKED LESS THAN 15 FEET FROM CROSSWALK","2203 E BRADFORD AVE"
"117422",460153341,"2/25/12","5:04:00 AM","NIGHT PARKING - WRONG SIDE","1225 W SCOTT ST"
"635903",465744624,"11/7/12","8:38:00 PM","METER PARKING VIOLATION","1140 N 5TH ST"
"298818",462205170,"5/23/12","9:43:00 AM","RESIDENTIAL PARKING PROGRAM","3420 N BARTLETT AVE"
"403883",463305846,"7/17/12","4:43:00 AM","NIGHT PARKING","4806 W HOYT PL"
"144175",460706385,"3/8/12","5:26:00 AM","NIGHT PARKING","2173 S 32 ST"
"264604",461723603,"5/8/12","3:38:00 AM","NIGHT PARKING","2831 W WELLS ST"
"344428",462561175,"6/14/12","2:17:00 AM","NIGHT PARKING - WRONG SIDE","222 W PITTSBURGH AVE"
"680769",465935746,"12/1/12","4:38:00 PM","METER PARKING VIOLATION","2210 S KINNICKINNIC AVE"
"363870",462890315,"6/26/12","5:42:00 AM","NIGHT PARKING","5639 N 95TH ST"
"309158",661757191,"5/29/12","1:26:00 AM","UNREGISTERED/ IMPROPERLY REGISTERED VEHICLE","424 W VLIET"
"442535",463789745,"8/6/12","3:33:00 AM","NIGHT PARKING - WRONG SIDE","3050 S 38TH ST"
"711288",466626005,"12/14/12","2:52:00 PM","METER PARKING VIOLATION","153 E JUNEAU AV"
"112488",460341442,"2/23/12","5:32:00 AM","NIGHT PARKING","2470 N 12TH ST"
"637291",465533902,"11/8/12","5:19:00 PM","METER PARKING VIOLATION","319 E MENOMONEE ST"
"110229",460313070,"2/22/12","3:50:00 AM","NIGHT PARKING - WRONG SIDE","126 W LLOYD ST"
"233393",461550784,"4/23/12","3:08:00 PM","TOW-AWAY ZONE (POSTED)","335 W WISCONSIN AVE"
"37204",457981134,"1/19/12","5:32:00 AM","UNREGISTERED/ IMPROPERLY REGISTERED VEHICLE","7932S/D W FOND DU LAC AVE"
"229788",461710060,"4/20/12","5:33:00 PM","METER PARKING VIOLATION","189 N JEFFERSON ST"
"83103",460069352,"2/9/12","9:07:00 PM","PARKING PROHIBITED BY OFFICIAL SIGN","6865 N DARIEN ST"
"269946",462027134,"5/9/12","10:57:00 AM","METER PARKING VIOLATION","319 W WISCONSIN AVE"
"331824",461951442,"6/8/12","2:34:00 PM","PARKED IN SCHOOL ZONE","3330 W NORTH AVE"
"296983",462294276,"5/22/12","5:50:00 PM","METER PARKING VIOLATION","2346 S KINNICKINNIC AVE"
"504221",464458960,"9/6/12","2:10:00 AM","NIGHT PARKING - WRONG SIDE","310 W WASHINGTON ST"
"249197",461799866,"5/1/12","5:58:00 AM","NIGHT PARKING","1216 W HADLEY ST"
"317965",462042453,"6/2/12","3:44:00 AM","NIGHT PARKING","905 E MEINECKE AVE"
"236815",461289710,"4/25/12","1:24:00 PM","PARKED IN EXCESS OF 2 HOURS PROHIBITED","330 E ERIE ST"
"87188",459991442,"2/11/12","5:07:00 AM","NIGHT PARKING - WRONG SIDE","1619 W MEINECKE AVE"
"212809",461377626,"4/12/12","5:50:00 AM","NIGHT PARKING - WRONG SIDE","3716 S 16TH ST"
"32648",459438162,"1/17/12","2:26:00 PM","METER PARKING VIOLATION","725 N 4TH ST"
"210774",461255502,"4/11/12","4:36:00 AM","NIGHT PARKING","314 E LOCUST ST"
"628314",465796096,"11/5/12","3:33:00 AM","NIGHT PARKING - WRONG SIDE","5931 W GALENA ST"
"292647",461963482,"5/19/12","3:15:00 PM","PARKED IN EXCESS OF 2 HOURS PROHIBITED","1321 N JACKSON ST"
"724333",466225922,"12/20/12","2:50:00 AM","NIGHT PARKING - WRONG SIDE","2758 N 23RD ST"
"253834",461705322,"5/2/12","3:27:00 PM","PARKED IN EXCESS OF 1 HOUR PROHIBITED","3224 S 16 ST"
"464600",464020200,"8/16/12","1:58:00 PM","PARKED POSTED PRIVATE PROPERTY","835 N 20TH ST"
"312483",462149273,"5/30/12","2:08:00 AM","NIGHT PARKING - WRONG SIDE","1206 S 32ND ST"
"500632",464452380,"9/5/12","2:54:00 AM","NIGHT PARKING","2917 N PIERCE ST"
"743146",466942991,"12/31/12","4:55:00 AM","NIGHT PARKING - WRONG SIDE","2451 N 28TH ST"
"463354",463308860,"8/16/12","3:09:00 AM","NIGHT PARKING","4115 N 46TH ST"
"2300",459216564,"1/3/12","12:18:00 PM","METER PARKING VIOLATION","225 E ST PAUL AV"
"62786",459605775,"2/1/12","10:39:00 AM","PARKED IN EXCESS OF 1 HOUR PROHIBITED","1122 N 10TH ST"
"456943",463535612,"8/13/12","5:51:00 AM","NIGHT PARKING - WRONG SIDE","2415 N 18TH ST"
"398433",463269166,"7/13/12","4:09:00 AM","NIGHT PARKING - WRONG SIDE","103 E OREGON ST"
"51806",459720726,"1/26/12","4:30:00 PM","METER PARKING VIOLATION","1300 E BRADY ST"
"116986",460481081,"2/24/12","10:31:00 AM","SNOW PARKING REGULATION 4 + INCHES","1040 E KNAPP ST"
"743102",466878344,"12/31/12","5:16:00 AM","NIGHT PARKING - WRONG SIDE","5105 W HADLEY ST"
"682762",466009983,"12/3/12","11:53:00 AM","METER PARKING VIOLATION","530 N JACKSON ST"
"614330",465417396,"10/29/12","3:45:00 AM","NIGHT PARKING - WRONG SIDE","3535 N 4TH ST"
"531371",464694635,"9/18/12","7:51:00 PM","METER PARKING VIOLATION","1710 N ARLINGTON PL"
"22697",459369455,"1/11/12","3:28:00 AM","NIGHT PARKING","10530 W HEATHER AVE"
"538814",464697413,"9/21/12","4:11:00 AM","NIGHT PARKING","2065 S 11TH ST"
"3586",459389044,"1/4/12","7:26:00 AM","PARKED ON SIDEWALK (SIDEWALK AREA)","2968 N FREDERICK AVE"
"587975",464817006,"10/16/12","12:01:00 PM","PARKED WITHIN 10 FEET OF FIRE HYDRANT","2851 W HIGHLAND AVE"
"223980",461415905,"4/18/12","2:24:00 AM","NIGHT PARKING","2965 N DOWNER AVE"
"29055",459492331,"1/13/12","7:17:00 AM","SNOW PARKING REGULATION 4 + INCHES","1302 S 18 ST"
"595520",465322745,"10/18/12","4:09:00 PM","PARKED IN EXCESS OF 3 HOURS PROHIBITED","2650 N STOWELL AVE"
"369370",462850776,"6/28/12","3:13:00 AM","NIGHT PARKING - WRONG SIDE","8034 W GRANTOSA DR"
"84172",460021763,"2/10/12","2:28:00 AM","NIGHT PARKING - WRONG SIDE","4634 W MEDFORD AVE"
"506144",464378051,"9/6/12","5:00:00 AM","NIGHT PARKING","5869 N 77TH ST"
"336964",462643075,"6/11/12","1:12:00 PM","PARKED IN EXCESS OF 2 HOURS PROHIBITED","116 N JEFFERSON ST"
"517224",464023103,"9/11/12","1:30:00 PM","PARKING PROHIBITED BY OFFICIAL SIGN","2930 E NEWPORT AVE"
"348791",462618704,"6/17/12","5:18:00 AM","TOW-AWAY ZONE (BLOCKING DRIVEWAY)","1625 N ARLINGTON PL"
"473213",464216642,"8/21/12","3:24:00 PM","TOW-AWAY ZONE (POSTED)","325 W WISCONSIN AVE"
"618508",465538113,"10/31/12","5:08:00 AM","NIGHT PARKING - WRONG SIDE","6537 N BEALE ST"
"404514",463422035,"7/17/12","3:56:00 AM","NIGHT PARKING","2411 N 55TH ST"
"206596",461111674,"4/9/12","2:30:00 AM","NIGHT PARKING","2910 N RICHARDS ST"
"326115",462421982,"6/6/12","4:03:00 AM","NIGHT PARKING","1955 E BENNETT AVE"
"280739",462142052,"5/15/12","3:50:00 AM","NIGHT PARKING","321 E MENOMONEE ST"
